month,candidates,after obs,after price,after size,after liquidity,after industry,eligible
1996-02-01,6944,0,0,0,0,0,0
1996-03-01,6977,0,0,0,0,0,0
1996-04-01,7029,0,0,0,0,0,0
1996-05-01,7078,0,0,0,0,0,0
1996-06-01,7147,0,0,0,0,0,0
1996-07-01,7209,6691,5311,2530,2434,2417,2410
1996-08-01,7247,6719,5175,2495,2392,2376,2369
1996-09-01,7278,6741,5227,2506,2402,2385,2382
1996-10-01,7303,6795,5273,2536,2429,2412,2409
1996-11-01,7372,6850,5237,2526,2419,2403,2400
1996-12-01,7419,6903,5279,2548,2439,2423,2420
1997-01-01,7425,6942,5271,2553,2438,2422,2419
1997-02-01,7426,6984,5396,2542,2431,2416,2409
1997-03-01,7440,6990,5360,2497,2384,2369,2362
1997-04-01,7436,7023,5283,2506,2387,2371,2365
1997-05-01,7441,7093,5266,2485,2372,2356,2345
1997-06-01,7442,7130,5372,2544,2444,2427,2416
1997-07-01,7444,7130,5400,2551,2450,2433,2422
1997-08-01,7438,7107,5408,2545,2444,2426,2419
1997-09-01,7417,7098,5467,2518,2426,2410,2395
1997-10-01,7411,7090,5576,2546,2452,2434,2419
1997-11-01,7435,7081,5506,2540,2447,2427,2416
1997-12-01,7464,7080,5442,2534,2438,2421,2410
1998-01-01,7420,7065,5315,2521,2420,2401,2390
1998-02-01,7394,7053,5318,2515,2413,2397,2390
1998-03-01,7380,7026,5360,2526,2432,2417,2410
1998-04-01,7343,7011,5428,2520,2419,2404,2398
1998-05-01,7342,7017,5457,2532,2437,2421,2415
1998-06-01,7335,7024,5405,2523,2426,2411,2405
1998-07-01,7311,6984,5273,2563,2455,2441,2435
1998-08-01,7291,6954,5164,2538,2425,2410,2404
1998-09-01,7256,6939,4774,2470,2349,2333,2328
1998-10-01,7183,6909,4808,2508,2394,2375,2371
1998-11-01,7083,6857,4823,2554,2447,2430,2426
1998-12-01,7045,6848,4928,2594,2489,2471,2458
1999-01-01,6980,6816,4889,2608,2503,2485,2475
1999-02-01,6933,6796,5013,2658,2555,2536,2526
1999-03-01,6901,6751,4874,2644,2545,2525,2512
1999-04-01,6823,6655,4740,2614,2520,2499,2486
1999-05-01,6798,6594,4839,2556,2465,2448,2436
1999-06-01,6787,6554,4861,2529,2441,2425,2413
1999-07-01,6770,6508,4848,2571,2479,2464,2452
1999-08-01,6756,6452,4834,2532,2449,2434,2419
1999-09-01,6729,6412,4731,2535,2448,2434,2419
1999-10-01,6696,6369,4647,2553,2465,2451,2439
1999-11-01,6692,6347,4599,2564,2476,2460,2453
1999-12-01,6664,6311,4692,2658,2571,2555,2545
2000-01-01,6645,6305,4784,2754,2668,2652,2641
2000-02-01,6606,6316,4892,2812,2728,2712,2700
2000-03-01,6611,6285,5017,2908,2818,2802,2790
2000-04-01,6602,6289,4969,2904,2816,2802,2791
2000-05-01,6615,6288,4715,2768,2680,2668,2654
2000-06-01,6600,6304,4579,2658,2574,2560,2546
2000-07-01,6572,6267,4609,2706,2623,2610,2596
2000-08-01,6573,6253,4530,2689,2608,2595,2580
2000-09-01,6577,6251,4574,2709,2628,2615,2601
2000-10-01,6542,6241,4454,2669,2580,2566,2551
2000-11-01,6480,6201,4285,2600,2513,2499,2486
2000-12-01,6421,6154,4010,2468,2380,2367,2353
2001-01-01,6345,6109,3927,2431,2348,2334,2316
2001-02-01,6272,6117,4211,2504,2432,2421,2403
2001-03-01,6223,6085,4037,2374,2307,2296,2274
2001-04-01,6171,6063,3904,2330,2266,2254,2237
2001-05-01,6089,5999,3931,2339,2273,2261,2246
2001-06-01,6018,5931,4019,2368,2300,2288,2273
2001-07-01,5955,5867,3997,2339,2275,2262,2242
2001-08-01,5900,5808,3927,2271,2210,2198,2182
2001-09-01,5816,5736,3835,2220,2162,2149,2125
2001-10-01,5775,5699,3609,2182,2114,2101,2074
2001-11-01,5734,5663,3675,2221,2156,2143,2116
2001-12-01,5675,5597,3748,2231,2167,2154,2126
2002-01-01,5638,5558,3815,2222,2149,2136,2110
2002-02-01,5598,5521,3804,2182,2115,2102,2076
2002-03-01,5560,5480,3693,2095,2028,2016,1990
2002-04-01,5519,5433,3774,2091,2027,2016,1990
2002-05-01,5482,5395,3734,2021,1957,1947,1920
2002-06-01,5456,5372,3681,1994,1928,1919,1891
2002-07-01,5433,5354,3576,1965,1897,1887,1859
2002-08-01,5395,5313,3375,1909,1838,1827,1802
2002-09-01,5342,5267,3353,1919,1847,1836,1810
2002-10-01,5311,5241,3228,1867,1801,1790,1760
2002-11-01,5271,5196,3264,1931,1858,1847,1813
2002-12-01,5252,5180,3383,1941,1876,1866,1833
2003-01-01,5214,5147,3333,1912,1845,1835,1803
2003-02-01,5179,5108,3300,1905,1839,1828,1795
2003-03-01,5141,5068,3248,1908,1845,1834,1801
2003-04-01,5084,5017,3233,1914,1849,1837,1806
2003-05-01,5053,4990,3331,1907,1848,1837,1811
2003-06-01,5024,4969,3488,1939,1882,1870,1844
2003-07-01,4993,4943,3562,1948,1894,1882,1855
2003-08-01,4966,4913,3634,1953,1896,1884,1856
2003-09-01,4935,4879,3670,1937,1883,1871,1840
2003-10-01,4921,4857,3704,1950,1898,1886,1859
2003-11-01,4905,4831,3785,1964,1908,1897,1866
2003-12-01,4897,4805,3801,1947,1888,1877,1845
2004-01-01,4882,4772,3803,1916,1865,1853,1823
2004-02-01,4875,4759,3890,1928,1876,1866,1837
2004-03-01,4875,4744,3888,1905,1850,1840,1813
2004-04-01,4871,4735,3871,1888,1831,1821,1795
2004-05-01,4851,4723,3814,1858,1803,1793,1768
2004-06-01,4847,4717,3801,1877,1823,1813,1787
2004-07-01,4842,4713,3807,1845,1790,1779,1753
2004-08-01,4841,4703,3700,1823,1771,1759,1734
2004-09-01,4835,4696,3663,1793,1738,1727,1702
2004-10-01,4829,4696,3710,1798,1742,1731,1706
2004-11-01,4828,4686,3703,1797,1737,1726,1704
2004-12-01,4823,4682,3769,1789,1734,1723,1696
2005-01-01,4821,4683,3833,1799,1743,1732,1710
2005-02-01,4809,4688,3787,1785,1723,1712,1690
2005-03-01,4813,4677,3780,1774,1712,1701,1679
2005-04-01,4804,4678,3752,1772,1711,1700,1674
2005-05-01,4801,4674,3646,1777,1719,1707,1682
2005-06-01,4790,4662,3678,1777,1720,1707,1680
2005-07-01,4795,4664,3713,1796,1736,1724,1701
2005-08-01,4790,4651,3789,1824,1765,1753,1735
2005-09-01,4786,4641,3762,1820,1767,1755,1737
2005-10-01,4781,4632,3755,1816,1762,1750,1730
2005-11-01,4772,4620,3728,1814,1763,1750,1731
2005-12-01,4768,4616,3736,1818,1765,1752,1731
2006-01-01,4747,4596,3747,1811,1758,1745,1720
2006-02-01,4724,4599,3805,1797,1746,1733,1707
2006-03-01,4726,4592,3820,1813,1757,1743,1721
2006-04-01,4717,4593,3855,1784,1729,1717,1699
2006-05-01,4717,4588,3846,1780,1725,1713,1695
2006-06-01,4724,4585,3791,1770,1709,1696,1675
2006-07-01,4718,4580,3773,1783,1719,1703,1677
2006-08-01,4712,4580,3738,1779,1714,1698,1675
2006-09-01,4708,4580,3730,1797,1736,1720,1706
2006-10-01,4710,4586,3754,1797,1735,1719,1693
2006-11-01,4706,4580,3801,1796,1731,1715,1688
2006-12-01,4704,4569,3801,1778,1718,1702,1679
2007-01-01,4691,4555,3802,1772,1713,1697,1674
2007-02-01,4667,4526,3795,1756,1696,1680,1653
2007-03-01,4663,4515,3781,1773,1714,1700,1674
2007-04-01,4658,4510,3773,1749,1689,1676,1650
2007-05-01,4643,4498,3776,1747,1685,1672,1646
2007-06-01,4651,4491,3773,1752,1685,1673,1648
2007-07-01,4650,4491,3766,1759,1696,1684,1669
2007-08-01,4646,4485,3721,1774,1708,1696,1680
2007-09-01,4633,4467,3671,1778,1714,1703,1688
2007-10-01,4616,4462,3658,1781,1721,1710,1695
2007-11-01,4609,4457,3647,1795,1727,1716,1701
2007-12-01,4601,4454,3563,1815,1751,1740,1726
2008-01-01,4596,4445,3549,1807,1737,1726,1711
2008-02-01,4594,4465,3509,1793,1726,1714,1699
2008-03-01,4580,4450,3446,1786,1721,1709,1693
2008-04-01,4561,4432,3396,1771,1713,1701,1686
2008-05-01,4531,4428,3388,1792,1734,1721,1701
2008-06-01,4514,4422,3400,1780,1722,1710,1690
2008-07-01,4496,4428,3290,1791,1730,1718,1698
2008-08-01,4472,4411,3287,1832,1768,1755,1738
2008-09-01,4447,4391,3271,1822,1758,1745,1726
2008-10-01,4423,4372,3163,1785,1718,1706,1688
2008-11-01,4386,4339,2838,1811,1742,1730,1711
2008-12-01,4361,4323,2610,1765,1693,1680,1657
2009-01-01,4328,4290,2613,1764,1695,1682,1658
2009-02-01,4304,4270,2517,1767,1698,1686,1667
2009-03-01,4276,4245,2359,1740,1672,1658,1634
2009-04-01,4244,4219,2445,1752,1686,1668,1647
2009-05-01,4213,4185,2631,1752,1700,1681,1659
2009-06-01,4189,4157,2714,1739,1692,1673,1658
2009-07-01,4165,4135,2741,1770,1725,1705,1690
2009-08-01,4140,4107,2806,1755,1712,1694,1675
2009-09-01,4127,4090,2863,1722,1677,1660,1633
2009-10-01,4121,4074,2892,1708,1661,1646,1624
2009-11-01,4110,4050,2808,1703,1654,1638,1616
2009-12-01,4094,4019,2782,1692,1647,1631,1611
2010-01-01,4079,3995,2824,1722,1675,1658,1637
2010-02-01,4067,3975,2817,1701,1654,1637,1609
2010-03-01,4051,3956,2842,1690,1648,1632,1612
2010-04-01,4041,3947,2933,1700,1656,1637,1617
2010-05-01,4030,3941,3004,1718,1670,1648,1628
2010-06-01,4029,3939,2920,1722,1671,1649,1629
2010-07-01,4032,3949,2839,1730,1688,1665,1641
2010-08-01,4009,3922,2852,1723,1681,1659,1639
2010-09-01,4005,3919,2781,1712,1670,1646,1621
2010-10-01,3986,3912,2865,1715,1671,1648,1631
2010-11-01,3976,3906,2912,1721,1675,1649,1632
2010-12-01,3957,3888,2908,1722,1678,1652,1635
2011-01-01,3939,3867,2962,1733,1684,1654,1637
2011-02-01,3931,3863,2972,1716,1667,1636,1623
2011-03-01,3928,3850,2987,1705,1656,1627,1614
2011-04-01,3907,3830,2955,1710,1660,1628,1615
2011-05-01,3885,3810,2953,1710,1660,1622,1609
2011-06-01,3875,3800,2939,1699,1651,1614,1598
2011-07-01,3846,3780,2902,1699,1649,1611,1590
2011-08-01,3845,3776,2880,1696,1646,1610,1589
2011-09-01,3839,3775,2792,1687,1637,1604,1583
2011-10-01,3828,3764,2675,1681,1624,1590,1568
2011-11-01,3813,3756,2759,1695,1645,1607,1587
2011-12-01,3796,3733,2731,1694,1643,1602,1586
2012-01-01,3778,3722,2732,1698,1644,1601,1581
2012-02-01,3765,3713,2797,1697,1646,1597,1577
2012-03-01,3762,3695,2806,1695,1646,1599,1579
2012-04-01,3759,3681,2816,1697,1643,1591,1567
2012-05-01,3755,3673,2804,1679,1622,1571,1555
2012-06-01,3750,3666,2745,1694,1639,1585,1565
2012-07-01,3732,3653,2769,1714,1662,1602,1590
2012-08-01,3724,3643,2740,1717,1662,1599,1587
2012-09-01,3714,3633,2755,1697,1641,1584,1569
2012-10-01,3690,3621,2788,1704,1650,1591,1577
2012-11-01,3688,3616,2772,1698,1641,1582,1568
2012-12-01,3676,3607,2755,1683,1628,1572,1558
2013-01-01,3653,3582,2738,1676,1619,1564,1550
2013-02-01,3649,3587,2815,1685,1630,1574,1561
2013-03-01,3644,3580,2795,1683,1628,1571,1556
2013-04-01,3632,3567,2807,1678,1622,1560,1542
2013-05-01,3630,3569,2827,1702,1644,1576,1559
2013-06-01,3637,3555,2850,1703,1648,1577,1560
2013-07-01,3634,3540,2842,1707,1651,1575,1557
2013-08-01,3636,3533,2879,1723,1667,1587,1569
2013-09-01,3635,3525,2863,1716,1664,1582,1565
2013-10-01,3646,3519,2892,1716,1660,1579,1566
2013-11-01,3650,3525,2893,1733,1678,1595,1578
2013-12-01,3658,3522,2907,1747,1696,1611,1594
2014-01-01,3652,3527,2937,1739,1689,1596,1582
2014-02-01,3659,3538,2961,1744,1690,1594,1581
2014-03-01,3667,3529,2967,1755,1702,1600,1579
2014-04-01,3691,3551,2974,1760,1706,1596,1581
2014-05-01,3704,3559,2951,1759,1702,1594,1577
2014-06-01,3712,3570,2945,1777,1722,1610,1594
2014-07-01,3729,3572,2968,1800,1741,1619,1602
2014-08-01,3753,3594,2964,1810,1754,1635,1617
2014-09-01,3759,3603,2986,1822,1769,1648,1626
2014-10-01,3757,3624,2973,1846,1789,1658,1636
2014-11-01,3765,3627,2964,1866,1805,1665,1647
2014-12-01,3785,3637,2970,1882,1818,1678,1660
2015-01-01,3777,3643,2984,1893,1829,1675,1662
2015-02-01,3771,3660,2987,1890,1823,1667,1653
2015-03-01,3765,3647,2995,1874,1813,1656,1643
2015-04-01,3752,3652,2993,1868,1799,1642,1626
2015-05-01,3758,3667,3014,1879,1813,1650,1635
2015-06-01,3762,3677,3024,1889,1821,1651,1636
2015-07-01,3768,3671,3016,1888,1820,1648,1629
2015-08-01,3786,3667,2970,1869,1805,1638,1619
2015-09-01,3787,3664,2957,1861,1799,1637,1618
2015-10-01,3778,3656,2893,1885,1816,1646,1627
2015-11-01,3765,3646,2914,1868,1800,1634,1616
2015-12-01,3772,3648,2913,1877,1810,1638,1619
2016-01-01,3744,3656,2900,1896,1830,1650,1631
2016-02-01,3717,3654,2828,1870,1802,1627,1608
2016-03-01,3699,3639,2812,1868,1803,1624,1605
2016-04-01,3689,3637,2865,1856,1795,1621,1600
2016-05-01,3679,3626,2871,1816,1768,1604,1583
2016-06-01,3670,3615,2863,1823,1771,1606,1586
2016-07-01,3658,3600,2865,1806,1752,1593,1572
2016-08-01,3656,3578,2872,1795,1741,1582,1559
2016-09-01,3642,3560,2871,1774,1724,1572,1549
2016-10-01,3627,3539,2881,1764,1715,1558,1535
2016-11-01,3635,3539,2835,1762,1709,1553,1530
2016-12-01,3624,3531,2857,1774,1722,1567,1544
2017-01-01,3610,3523,2850,1737,1685,1543,1525
2017-02-01,3610,3532,2856,1734,1684,1536,1519
2017-03-01,3598,3515,2843,1736,1686,1527,1510
2017-04-01,3598,3523,2849,1760,1706,1542,1524
2017-05-01,3606,3520,2836,1763,1708,1536,1519
2017-06-01,3600,3512,2807,1743,1691,1520,1509
2017-07-01,3600,3498,2818,1764,1711,1532,1520
2017-08-01,3600,3499,2806,1772,1719,1542,1528
2017-09-01,3596,3495,2787,1794,1740,1548,1533
2017-10-01,3580,3484,2802,1793,1744,1552,1537
2017-11-01,3582,3487,2787,1800,1745,1547,1533
2017-12-01,3584,3472,2798,1787,1727,1536,1521
2018-01-01,3572,3464,2800,1758,1700,1516,1497
2018-02-01,3575,3472,2820,1784,1727,1526,1503
2018-03-01,3572,3465,2803,1772,1715,1515,1493
2018-04-01,3579,3463,2780,1760,1711,1511,1489
2018-05-01,3575,3472,2812,1749,1701,1502,1480
2018-06-01,3584,3482,2846,1782,1732,1521,1498
2018-07-01,3599,3477,2837,1794,1742,1519,1500
2018-08-01,3607,3477,2830,1788,1735,1516,1496
2018-09-01,3608,3480,2842,1795,1744,1521,1501
2018-10-01,3618,3487,2846,1804,1748,1515,1495
2018-11-01,3618,3490,2783,1801,1745,1512,1493
2018-12-01,3607,3484,2755,1806,1754,1516,1497
2019-01-01,3592,3487,2673,1808,1755,1514,1494
2019-02-01,3582,3492,2748,1805,1754,1512,1492
2019-03-01,3580,3486,2770,1795,1744,1500,1481
2019-04-01,3573,3490,2783,1800,1751,1496,1477
2019-05-01,3581,3492,2791,1820,1770,1507,1488
2019-06-01,3596,3493,2724,1827,1774,1501,1485
2019-07-01,3608,3493,2746,1826,1772,1504,1488
2019-08-01,3611,3480,2718,1813,1763,1493,1477
2019-09-01,3606,3485,2688,1831,1778,1507,1489
2019-10-01,3605,3487,2701,1829,1782,1504,1489
2019-11-01,3602,3497,2708,1848,1795,1510,1494
2019-12-01,3598,3490,2696,1852,1802,1514,1501
2020-01-01,3582,3488,2731,1835,1789,1498,1483
2020-02-01,3586,3500,2735,1855,1801,1497,1481
2020-03-01,3586,3491,2690,1853,1800,1493,1478
2020-04-01,3578,3500,2531,1916,1843,1502,1491
2020-05-01,3575,3502,2641,1905,1851,1506,1494
2020-06-01,3565,3495,2682,1922,1864,1511,1498
2020-07-01,3574,3491,2712,1915,1861,1500,1488
2020-08-01,3580,3493,2740,1896,1843,1486,1474
2020-09-01,3595,3485,2764,1891,1844,1492,1481
2020-10-01,3621,3483,2750,1886,1832,1481,1470
2020-11-01,3667,3481,2727,1911,1858,1502,1492
2020-12-01,3696,3485,2844,1905,1865,1504,1495
2021-01-01,3731,3499,2899,1925,1887,1515,1504
2021-02-01,3768,3516,2999,1972,1933,1535,1524
2021-03-01,3822,3530,3061,1994,1949,1548,1536
2021-04-01,3916,3572,3080,2043,1995,1578,1560
2021-05-01,3998,3605,3088,2092,2050,1612,1591
2021-06-01,4046,3636,3119,2108,2068,1626,1605
2021-07-01,4093,3668,3177,2128,2089,1625,1603
2021-08-01,4164,3721,3170,2115,2076,1609,1586
2021-09-01,4198,3777,3239,2141,2098,1622,1599
2021-10-01,4233,3857,3290,2140,2091,1617,1594
2021-11-01,4279,3936,3351,2152,2098,1618,1595
2021-12-01,4322,3955,3300,2149,2100,1627,1608
2022-01-01,4365,4006,3271,2180,2127,1639,1620
2022-02-01,4394,4080,3240,2180,2130,1650,1633
2022-03-01,4413,4101,3224,2192,2141,1652,1635
2022-04-01,4421,4149,3264,2215,2165,1657,1640
2022-05-01,4432,4202,3188,2193,2140,1651,1634
2022-06-01,4429,4240,3166,2164,2108,1636,1619
2022-07-01,4421,4276,3096,2163,2103,1631,1618
2022-08-01,4417,4301,3189,2208,2152,1646,1634
2022-09-01,4419,4313,3186,2208,2157,1651,1639
2022-10-01,4417,4324,3112,2212,2145,1636,1618
2022-11-01,4396,4313,3123,2194,2137,1635,1618
2022-12-01,4377,4294,3092,2179,2126,1632,1614
2023-01-01,4287,4207,2983,2109,2056,1600,1578
2023-02-01,4272,4199,3042,2086,2039,1590,1568
2023-03-01,4248,4182,2998,2048,2005,1580,1559
2023-04-01,4215,4162,2921,2010,1963,1549,1532
2023-05-01,4199,4147,2914,2016,1968,1551,1534
2023-06-01,4183,4133,2918,1993,1945,1535,1519
2023-07-01,4167,4113,2923,1975,1928,1532,1517
2023-08-01,4146,4089,2943,1977,1933,1532,1515
2023-09-01,4126,4060,2884,1936,1894,1511,1494
2023-10-01,4112,4043,2839,1907,1864,1493,1477
2023-11-01,4091,4016,2764,1864,1823,1477,1458
2023-12-01,4062,3988,2781,1860,1815,1464,1445
2024-01-01,4021,3947,2833,1858,1811,1458,1434
2024-02-01,4012,3948,2792,1861,1815,1456,1432
2024-03-01,3994,3922,2804,1861,1815,1444,1424
2024-04-01,3970,3905,2808,1843,1792,1432,1416
2024-05-01,3963,3894,2746,1836,1788,1435,1415
2024-06-01,3941,3873,2750,1830,1781,1428,1410
2024-07-01,3921,3851,2722,1832,1783,1433,1411
2024-08-01,3898,3826,2743,1840,1794,1439,1424
2024-09-01,3878,3812,2727,1828,1784,1435,1416
2024-10-01,3859,3794,2709,1816,1771,1428,1409
2024-11-01,3844,3776,2720,1838,1794,1441,1419
2024-12-01,3896,3825,2784,1834,1786,1452,1431
