signal,horizon,mean_ic,std_ic,t_stat,n_periods,pct_positive,ir
conditional_signal (common - shock),1,0.0009813068240454611,0.08859902134922036,0.9341191996260712,7113.0,0.5106143680584845,0.011075820128729857
conditional_signal (common - shock),5,0.00019676911622863854,0.0882047109785357,0.18809160437908573,7109.0,0.5040090026726685,0.0022308232071246354
conditional_signal (common - shock),10,-0.0006066952699384219,0.08651624223307457,-0.5910502936865788,7104.0,0.49901463963963966,-0.007012501401805989
conditional_signal (common - shock),20,0.001392934163319622,0.0843975384399379,1.3901011483075743,7094.0,0.5145193120947279,0.016504440639710283
common_lag (continuation leg),1,0.004884468179966864,0.11714989894392501,3.5164283339921103,7113.0,0.5250948966680725,0.04169417322591856
common_lag (continuation leg),5,0.00228217283975433,0.1167725955175958,1.6478279167053556,7109.0,0.5170910113940076,0.01954373652172904
common_lag (continuation leg),10,0.002735791362926316,0.11447589259372055,2.0142826502087705,7104.0,0.5143581081081081,0.02389840603938986
common_lag (continuation leg),20,0.004436977025546392,0.11203974204815113,3.335497901596332,7094.0,0.520862700873978,0.039601814003101865
"shock_lag (reversion leg, raw sign)",1,0.0006694061382068586,0.07845404550181263,0.7196159018891775,7113.0,0.5038661605511036,0.00853246169684637
"shock_lag (reversion leg, raw sign)",5,0.00117518396962371,0.07790274713789118,1.271912815143104,7109.0,0.5073850049233366,0.015085269939756866
"shock_lag (reversion leg, raw sign)",10,0.0015470901402422335,0.07723724659346048,1.6882638116646287,7104.0,0.5053490990990991,0.02003036369726342
"shock_lag (reversion leg, raw sign)",20,9.267979859046162e-05,0.07596910284676582,0.10275280249768627,7094.0,0.4994361432196222,0.001219967001287382
"leader_ret_lag (part 1 baseline, unconditional)",1,0.0021221252904179044,0.09563630137832055,1.8714345950130595,7113.0,0.5104737804020807,0.022189537443769877
"leader_ret_lag (part 1 baseline, unconditional)",5,0.001437865813769869,0.094563130209819,1.2820376386878847,7109.0,0.5104796736531158,0.01520535340337716
"leader_ret_lag (part 1 baseline, unconditional)",10,0.0014749737603549267,0.09343723924345948,1.3305027382628256,7104.0,0.5080236486486487,0.01578571640490944
"leader_ret_lag (part 1 baseline, unconditional)",20,0.001525185487989149,0.09099953917405607,1.4116566013489298,7094.0,0.5025373555117,0.01676036496263905
"reversal_signal (naive, -own_lag)",1,0.016581447514942064,0.12868038685333763,10.913410675086963,7173.0,0.5661508434406803,0.1288576131950911
"reversal_signal (naive, -own_lag)",5,0.016255501727915945,0.11849399364730637,11.61537757819921,7169.0,0.5652113265448458,0.13718418316037126
"reversal_signal (naive, -own_lag)",10,0.01303262006862652,0.11316184826033134,9.747864669466884,7164.0,0.5523450586264657,0.11516796755249781
"reversal_signal (naive, -own_lag)",20,0.009691775956354474,0.10627621365084586,7.7133273097026915,7154.0,0.5431926195135588,0.09119421574610583
