quantile,mean_ret,std_ret,t_stat,n_periods,avg_n_stocks,signal
1,0.0003665215471019742,0.01492454293721157,2.071213535828469,7113.0,381.95360607338677,conditional_signal (common - shock)
2,0.00041653092915026635,0.014319196586582279,2.453324567973153,7113.0,344.30774637986787,conditional_signal (common - shock)
3,0.0005358995162010305,0.014188461723560588,3.185476873052198,7113.0,344.12104597216364,conditional_signal (common - shock)
4,0.0005725835051351713,0.014244111557734505,3.39023552838651,7113.0,342.6583719949388,conditional_signal (common - shock)
5,0.0006648716986761855,0.014684260929036151,3.8186702541613093,7113.0,307.5844228876705,conditional_signal (common - shock)
1,0.00012739520096889927,0.015394905920688838,0.6979148406110073,7113.0,381.57317587515814,common_lag (continuation leg)
2,0.0004092135786918136,0.01436156420407852,2.4031157868209108,7113.0,343.1200618585688,common_lag (continuation leg)
3,0.0004742424976532311,0.014291373229699507,2.7986778608451868,7113.0,343.8554758892169,common_lag (continuation leg)
4,0.0007540195504543505,0.014285440708690577,4.451592149904553,7113.0,344.6914100941937,common_lag (continuation leg)
5,0.0008354517677618744,0.014398549211836467,4.893606581346806,7113.0,307.38506959088994,common_lag (continuation leg)
1,0.0005239394953108355,0.014810832256015675,2.983513989214918,7113.0,381.26191480388025,"shock_lag (reversion leg, raw sign)"
2,0.00046389324297425687,0.01430073756217366,2.735810513585344,7113.0,345.38872486995643,"shock_lag (reversion leg, raw sign)"
3,0.0005243615260160763,0.014100470406987711,3.1363435000037776,7113.0,344.24420075917334,"shock_lag (reversion leg, raw sign)"
4,0.00046181880232124234,0.014373507305822542,2.70978766133293,7113.0,341.9185997469422,"shock_lag (reversion leg, raw sign)"
5,0.0005769626574053027,0.014627837307084599,3.3265494849122272,7113.0,307.81175312807534,"shock_lag (reversion leg, raw sign)"
1,0.00033515446210360614,0.01515557370981456,1.8648244901173707,7111.0,382.324426944171,"leader_ret_lag (part 1 baseline, unconditional)"
2,0.00044428857817896075,0.014377762135126997,2.6057886819310103,7111.0,343.945155393053,"leader_ret_lag (part 1 baseline, unconditional)"
3,0.0004960063360944128,0.014119781490809991,2.9622696412100864,7111.0,344.2676135564618,"leader_ret_lag (part 1 baseline, unconditional)"
4,0.0006207628688287491,0.014365558305271836,3.6439177175584554,7111.0,342.52369568274503,"leader_ret_lag (part 1 baseline, unconditional)"
5,0.0006714071287882319,0.014487331833226987,3.908074909970394,7111.0,307.3878498101533,"leader_ret_lag (part 1 baseline, unconditional)"
1,0.00037977022231485807,0.015200639927985081,2.1159697399431203,7173.0,346.03694409591526,"reversal_signal (naive, -own_lag)"
2,0.00044660495366513777,0.012856990325262373,2.9419455752189,7173.0,348.02146939913564,"reversal_signal (naive, -own_lag)"
3,0.0004396795378824242,0.012779159771507271,2.913965261423027,7173.0,344.73971838840095,"reversal_signal (naive, -own_lag)"
4,0.0004816530878666158,0.013736870770178667,2.9695931426073945,7173.0,342.2000557646731,"reversal_signal (naive, -own_lag)"
5,0.0007600887740999316,0.017458941709058425,3.687201050402507,7173.0,345.1112505227938,"reversal_signal (naive, -own_lag)"
