book,convention,market_regressor,n_days,alpha_ann,t_alpha,p_alpha,r2,b_mkt_C,t_mkt_C,b_smb,t_smb,b_hml,t_hml,b_rmw,t_rmw,b_cma,t_cma,b_umd,t_umd,b_mktrf_lag,t_mktrf_lag,b_reversal,t_reversal,b_mktrf,t_mktrf
conditional_signal,C,mkt_C,7113,-0.004619776112744817,-1.0520779803312275,0.29276377381010377,0.002412670373050929,-0.0007407698797179749,-0.28674059178692446,0.003425874615469054,0.9190901997427324,-0.0001280866112317678,-0.027415658837126048,-0.005733509828491558,-1.1515094864231286,0.0024339371562597323,0.39909350481326894,-0.0019520565185341295,-0.7880692164692984,-0.002731093005066767,-1.257550562945099,0.020712244699136344,1.1394305663061899,,
conditional_signal,C_ccmkt,mktrf,7113,-0.004340847050223926,-0.9888147948976004,0.3227537642654956,0.0027123685945489306,,,0.003338737640049527,0.8992316539543846,0.00029918558124516006,0.06336521049953124,-0.006916765602766247,-1.341831275904781,0.0010012355726472756,0.1566389817826134,-0.0022737413306520753,-0.9111513060965132,-0.002932277249244876,-1.3588851064358038,0.02223218621885374,1.2203916813748674,-0.0024119632238273027,-0.9094234507259448
conditional_signal,A,mktrf,7113,-0.0070362663837724255,-1.3580769330909093,0.17443927372655366,0.0012773880487535472,,,0.0029632264377607597,0.7424554150332994,-0.00038150654224856743,-0.07281338599481806,-0.005641105941774152,-0.9754833478919775,0.004765922313624682,0.6426768673018374,-0.0036669028052826276,-1.1938854630288334,-0.000729218638722718,-0.3279195487707617,0.0042869885848047405,0.26385085371043887,-0.0003582869921143722,-0.13001335196725955
common_lag,C,mkt_C,7113,0.009895300918419767,2.2098202084115313,0.027117642645948358,0.006376730285420185,0.0016871678175497484,0.5683999444094213,0.0008557211029180268,0.21732750588087565,0.0011235103015762276,0.24849964996832485,-0.0036458306422470256,-0.7429616955510054,0.0008395934222775979,0.13353616955102351,-0.00014235990391142943,-0.0541562043364082,0.002510704304663664,1.2209178800489167,-0.057121947147104155,-3.9697214494098443,,
common_lag,C_ccmkt,mktrf,7113,0.010044284508720282,2.2166390829177276,0.026647764603657767,0.0062923027066641435,,,0.000832709455273624,0.21152147714372024,0.0012950431026990932,0.29188657243902594,-0.0047299756600825355,-0.8995213782660761,-0.00037061544908705175,-0.05778073076566908,-0.00043999640093839404,-0.16061726420420067,0.002326912302151489,1.175235173486743,-0.055562786898736,-3.8586264207847365,-0.000563134864995133,-0.15961704951231276
common_lag,A,mktrf,7113,0.017853593245718048,3.4166445623221984,0.0006339799383567273,0.007021596872442304,,,-0.0019021144196152081,-0.4270887932790102,-0.00030406165978157877,-0.059592476233963715,-0.00697373264940797,-1.201742414458544,0.003973068882249239,0.5557214400511604,0.00032083318641810315,0.10297695700137313,0.0013847607899568257,0.6299014980277277,-0.058579758964687166,-3.5666489391374947,0.00022585601292326616,0.05972887035459663
leader_ret_lag,C,mkt_C,7113,0.00951192971173713,2.0972736533995056,0.035969357744108726,0.012584229484309817,0.0014383597551155607,0.5187577877963884,-0.0035355678835501305,-0.9496660911723098,0.0005966897340360568,0.12272522847631559,0.00242560738813812,0.5166307260211065,-0.0038325195339591876,-0.6010267447181334,0.0013796289846888224,0.48749248237654863,0.004020661789243712,1.8872468832821416,-0.07575148204888557,-4.8849746526034465,,
leader_ret_lag,C_ccmkt,mktrf,7113,0.009597434920456595,2.0952907542266925,0.03614515386963137,0.012507655575872523,,,-0.0035434644270293473,-0.9540363717055402,0.0006823438119972396,0.14361179012375583,0.001701352765007293,0.3510652583349849,-0.00462750662370153,-0.7515260405668416,0.0011804141962873068,0.41001867141458037,0.00389795212883093,1.808116429275342,-0.07468798815616373,-4.987235463296377,-0.00015954211933512738,-0.06883043503418303
leader_ret_lag,A,mktrf,7113,0.02080570062599571,3.976899638500517,6.981961454559004e-05,0.008616496066497614,,,-0.003527291739375893,-0.8271224749826416,-0.0020462290147653865,-0.3880765806322174,0.0020943151396375214,0.38724164462350585,-0.0036030475121760575,-0.5059142168392722,0.002689195052117785,0.7406657771433681,0.0013003780280964464,0.5351276848650145,-0.05997929368710221,-4.554856525556415,-0.0006254854026977628,-0.25303776571796893
shock_lag,C,mkt_C,7113,0.008333950363755142,1.858307210454326,0.06312540047894741,0.007813259210073809,0.0017667065561835912,0.6738359026115581,-0.005178371142986837,-1.4459908193277893,-0.0007655278327067753,-0.15352646935879985,0.006126528290831281,1.2249019139681283,-0.001178559335039197,-0.18621772624579708,0.0019247519732815428,0.6946093388540885,0.0042587665074820345,2.0015743134987236,-0.04972998913573179,-2.8789763342460035,,
shock_lag,C_ccmkt,mktrf,7113,0.008250960473992881,1.8313551185275059,0.06704755565182055,0.007778486427171938,,,-0.005134976029170223,-1.435106638665937,-0.0009347374418783049,-0.18839072376664479,0.006142915084311603,1.204066363392271,-0.001082630343210204,-0.17273155206826454,0.0019270566945797237,0.6849224758447425,0.0042619542078235345,1.9934410361829482,-0.04962740553958718,-2.9257283275683594,0.0012559948104636904,0.6082353586126532
shock_lag,A,mktrf,7113,0.01623612981415996,3.100260593372112,0.0019335044912058808,0.004876439110405695,,,-0.006058981533122646,-1.543627642422236,-0.0020647184581067575,-0.37489842803906076,0.0049386910951439884,0.8736264026680403,-0.002573728600216008,-0.3519180371811619,0.003492516913119789,0.9642370927122661,0.001693552641040247,0.7308595170992482,-0.03438346534145959,-2.445682841464199,-0.00013205285448254322,-0.059781162534932306
reversal,C,mkt_C,7174,0.024945374257628466,3.663706886236397,0.00024859124987765274,0.040950594072083124,0.03212277113602731,5.938616927418964,0.0050452987214402315,0.4976966017470731,0.021397279725854902,2.2180403112584206,-0.012029738903906606,-1.5935204157732346,-0.043264905903745786,-2.823211664911353,0.013198323821865459,2.4185251508847614,-0.0005911771978978225,-0.15245916982381516,,,,
reversal,C_ccmkt,mktrf,7174,0.02260273290354572,3.310666687114588,0.0009307400028929745,0.04390967572225579,,,0.0059885621456816935,0.6006544830387244,0.017127175223698932,1.9078200622148078,-0.007911395035545483,-1.0155134934868688,-0.0368059445469647,-2.5566706867533764,0.014222635087406725,2.6525561887158444,9.399217539736871e-05,0.02443041389073378,,,0.02885883886147845,6.880081202876079
reversal,A,mktrf,7174,0.09774936760357056,12.485646156754953,8.941446490626335e-36,0.04113077667196641,,,-0.0031206027751266895,-0.2765709351254042,0.021585189511176796,2.2298044837166278,-0.009565453654281748,-1.032696825424467,-0.03146248834141489,-2.0083793306768087,0.015088365075219316,2.6132945249596204,0.0009064934616334003,0.20141234963704246,,,0.03438893931193743,7.309603554191737
