signal,constraints,convention,ann_mean,t_nw,sharpe,corr_weights_signal,corr_signal_ownlag
conditional_signal,dollar,A,0.019305974780979392,3.0169269128113387,0.5685969427894035,0.919908521221324,0.26813071601023547
conditional_signal,dollar,C,0.012332195865546026,2.1507756572034014,0.4133204195754603,0.919908521221324,0.26813071601023547
conditional_signal,dollar+beta,A,-0.0028480145368609436,-0.5605342609832571,-0.1030310928853271,0.8958044567637152,0.26813071601023547
conditional_signal,dollar+beta,C,-0.00437518071320403,-0.9655254772781494,-0.1788137062430381,0.8958044567637152,0.26813071601023547
conditional_signal,dollar+own_lag,A,0.0009660511758727242,0.17949601483813202,0.033955193621112136,0.8624063029047048,0.26813071601023547
conditional_signal,dollar+own_lag,C,0.0023868712556130854,0.48700758298573543,0.0941792367335819,0.8624063029047048,0.26813071601023547
conditional_signal,dollar+beta+own_lag (pre-registered),A,-0.007004551708150426,-1.478118036202829,-0.27533410458451474,0.8491309831233862,0.26813071601023547
conditional_signal,dollar+beta+own_lag (pre-registered),C,-0.004430232268304093,-1.037474872433439,-0.19441666738773689,0.8491309831233862,0.26813071601023547
common_lag,dollar,A,0.06627036019254434,7.256118250289216,1.385032120217471,0.8970631826513209,0.6320826198822631
common_lag,dollar,C,0.04561016873343604,5.62593070205658,1.0838273815720596,0.8970631826513209,0.6320826198822631
common_lag,dollar+beta,A,0.023190501914624975,3.543099609752945,0.6667931632073713,0.826287306803693,0.6320826198822631
common_lag,dollar+beta,C,0.01158901222331916,2.026581529550725,0.376116712269942,0.826287306803693,0.6320826198822631
common_lag,dollar+own_lag,A,0.028297908685313525,4.749809212392629,0.8923868509484656,0.6327116459264933,0.6320826198822631
common_lag,dollar+own_lag,C,0.023324522680287667,4.363752826175271,0.8275723217198261,0.6327116459264933,0.6320826198822631
common_lag,dollar+beta+own_lag (pre-registered),A,0.011915046462478403,2.3850761470850763,0.4461212765661595,0.6145302529802588,0.6320826198822631
common_lag,dollar+beta+own_lag (pre-registered),C,0.008618660942730247,1.9293838635879614,0.35917469146803066,0.6145302529802588,0.6320826198822631
shock_lag,dollar,A,0.012435563850807846,2.2300920508934308,0.41658072035483923,0.9087382505171526,0.009149172112549965
shock_lag,dollar,C,0.00704609703660814,1.400771571580259,0.2647857991284751,0.9087382505171526,0.009149172112549965
shock_lag,dollar+beta,A,0.013696272823863266,2.712343563565685,0.5124913720405789,0.8960560734574295,0.009149172112549965
shock_lag,dollar+beta,C,0.007511392777030069,1.6599891622727467,0.3143194517499898,0.8960560734574295,0.009149172112549965
shock_lag,dollar+own_lag,A,0.011118181081511662,2.1167273715444153,0.39701385277078566,0.8932402568312061,0.009149172112549965
shock_lag,dollar+own_lag,C,0.0053841775794715874,1.122737184292366,0.21582534309073328,0.8932402568312061,0.009149172112549965
shock_lag,dollar+beta+own_lag (pre-registered),A,0.013181134996549047,2.7406759021041616,0.5179713117233401,0.8804694034941717,0.009149172112549965
shock_lag,dollar+beta+own_lag (pre-registered),C,0.007531320789911426,1.736023185550785,0.33108132150093844,0.8804694034941717,0.009149172112549965
leader_ret_lag,dollar,A,0.04136172267837643,5.783750655874053,1.0883079432965246,0.9127186829190831,0.29954664201614584
leader_ret_lag,dollar,C,0.025507423859214645,3.9920822899414548,0.7589152590137677,0.9127186829190831,0.29954664201614584
leader_ret_lag,dollar+beta,A,0.020594427836136953,3.522120581865716,0.6730346105563633,0.883022073905307,0.29954664201614584
leader_ret_lag,dollar+beta,C,0.008678695893190964,1.665396777584107,0.31807420573007067,0.883022073905307,0.29954664201614584
leader_ret_lag,dollar+own_lag,A,0.01879914752731062,3.4671235233213644,0.6483769178716688,0.8450391631005019,0.29954664201614584
leader_ret_lag,dollar+own_lag,C,0.011161583861562251,2.2815651926387,0.4344923386573752,0.8450391631005019,0.29954664201614584
leader_ret_lag,dollar+beta+own_lag (pre-registered),A,0.014943082283623352,3.052227514052557,0.573794915347586,0.8311647468184379,0.29954664201614584
leader_ret_lag,dollar+beta+own_lag (pre-registered),C,0.007825366571647471,1.773551570326177,0.33733236026237845,0.8311647468184379,0.29954664201614584
