year,rows,ret_A,ret_B,ret_C,beta,own_lag,mid_ret,rel_spread_lag
1996,300359,0.9999966706507879,0.9997669455551523,0.9917731780968774,1.0,0.9999966706507879,0.9899220599349445,0.9931648460675392
1997,593839,0.9999865283351211,0.9996227933833918,0.9941852926466601,1.0,0.9999865283351211,0.9900798027748262,0.9926764661802273
1998,592379,0.9999949356746273,0.9996269280308722,0.9956801304570216,1.0,0.9999949356746273,0.9746935661122356,0.9808112711625496
1999,607610,0.9999934168298744,0.9995572818090551,0.9965372525139481,1.0,0.999991771037343,0.9557413472457662,0.9669640065173384
2000,643353,0.9999953369301146,0.9995538996476273,0.9971322120204615,1.0,0.9999953369301146,0.8964021307120663,0.9169600514802916
2001,538452,0.9999702851879091,0.9996805657700222,0.9964955093490228,1.0,0.9999702851879091,0.8120278130641171,0.8304769970210901
2002,468815,0.9999744035493745,0.9998400221835906,0.9967108560946215,1.0,0.9999744035493745,0.9620191333468425,0.9770762454273008
2003,451510,0.9999822816770393,0.9998560386259441,0.9970986246151802,1.0,0.9999822816770393,0.8856260104981064,0.9350224801222564
2004,432862,0.9999930693847,0.9998221142072993,0.9996580896451988,1.0,0.9999930693847,0.835012082372673,0.9015067157662258
2005,419106,0.9999952279375623,0.9997780990966486,0.9982271788044075,1.0,0.9999952279375623,0.8689090588061255,0.9234847508744805
2006,414155,0.9999927563351885,0.9997392280667866,0.9999686107858169,1.0,0.9999927563351885,0.9020656517487414,0.9459912351655781
2007,408470,0.9999951036795848,0.999610742526991,0.9999608294366783,1.0,0.9999951036795848,0.9742037358924768,0.9866648713491811
2008,418451,0.9999904409357367,0.9997777517558806,0.9996510941543932,1.0,0.9999904409357367,0.9774382185727839,0.9885434614805557
2009,404248,0.9999876313550098,0.9998639449051078,0.9991069838317073,1.0,0.9999876313550098,0.9625205319506838,0.9805812273653797
2010,398870,0.9999874645874596,0.9998019404818612,0.9999724220924111,1.0,0.9999874645874596,0.985634417228671,0.9927570386341414
2011,391579,0.9999897849476096,0.9997803763736053,0.9999872311845119,1.0,0.9999897849476096,0.9891745982292207,0.9945655921282807
2012,381901,0.9999895260813666,0.9997905216273327,0.9999816706423916,1.0,0.9999895260813666,0.9945954579851847,0.9972636887570339
2013,382608,0.9999921590766528,0.9998301133274787,0.9999921590766528,1.0,0.9999921590766528,0.9935573746497721,0.9967773805043282
2014,393886,0.9999873059717787,0.9998400552444108,0.9999796895548458,1.0,0.9999873059717787,0.9952778215016528,0.9976211391113164
2015,399975,0.9999899993749609,0.9998024876554785,0.9999799987499218,1.0,0.9999899993749609,0.9972373273329583,0.9986074129633102
2016,385595,0.9999922198161283,0.9997484407214824,0.9999688792645133,1.0,0.9999922198161283,0.9982416784450006,0.9991208392225003
2017,370907,0.9999946078127401,0.9997708320414551,0.9999919117191102,1.0,0.9999973039063701,0.9990887203530804,0.9995497523638001
2018,364334,0.9999807868604083,0.9997694423248997,0.9999780421261809,1.0,0.9999807868604083,0.9986029302782612,0.9992946033035621
2019,363853,0.9999972516373371,0.9998158597015828,0.9999917549120112,1.0,0.9999972516373371,0.9976446531978573,0.9988237007802602
2020,364519,0.99999451331755,0.9998820363273245,0.9999890266350999,1.0,0.99999451331755,0.9993169080349721,0.9996625690293236
2021,385938,1.0,0.9998419435246075,0.9999974089102395,1.0,1.0,0.9995491503816675,0.9997745751908338
2022,396894,0.9999974804355823,0.9998286696195962,0.9999823630490761,1.0,0.9999974804355823,0.999430578441599,0.9997178087852172
2023,368001,0.9999972826160799,0.9998722829557528,0.9999864130803993,1.0,0.9999972826160799,0.9995543490370951,0.9997798919024676
2024,346236,0.9999046892870759,0.9958814219203087,0.9999046892870759,1.0,1.0,0.9962251181275199,0.9981255559791588
