book,convention,window,status,n_days,ann_mean,ann_vol,sharpe,sharpe_se,t_nw,p_nw,max_dd,max_dd_days,hit_rate,skew,excess_kurt
conditional_signal,C,full 1996-2024,pre-registered,7113,-0.004595494275856595,0.022777987636266178,-0.20175154843529008,0.1882311096279025,-1.0767508551874507,0.2815915861012639,-0.165873403338189,7082,0.4924785603823984,-0.012503011536819575,2.429837846793781
conditional_signal,C,1996-2006,pre-registered,2583,-0.004392271975117468,0.02159983074805684,-0.20334751815185426,0.312360336646041,-0.6506289036057694,0.5152860676963339,-0.07718404261029321,2552,0.502516453735966,0.02545715558189399,1.399061390007616
conditional_signal,C,2007-2024,pre-registered,4530,-0.004711371362569434,0.02342559405994603,-0.2011206781144183,0.23586776740489598,-0.8589314470081,0.3903783385236952,-0.15584805919860845,4247,0.4867549668874172,-0.02928703392104808,2.8101481600312876
conditional_signal,C,post-2010,pre-registered,3774,-0.0072640658137563974,0.02176097796524734,-0.3338115513630517,0.2584326176765423,-1.3260296749784095,0.18482986820439395,-0.15293249653726293,3335,0.4872813990461049,-0.08826170375207054,3.114595110372438
conditional_signal,C,last 18m,pre-registered,378,0.002692723158780753,0.01927146068574983,0.13972595034126667,0.8165123950020978,0.16971396574381598,0.865235090332825,-0.027443658856451614,300,0.5502645502645502,-0.48792971687706027,0.7854554197276271
conditional_signal,C,last 12m,pre-registered,252,0.005125001066542007,0.018909345894651198,0.2710300554601254,1.000072871641452,0.2851924481904813,0.7754967057021864,-0.018011665235857732,138,0.5396825396825397,-0.3633794441318394,0.6693832377565676
conditional_signal,A,full 1996-2024,pre-registered,7113,-0.007008558172816726,0.02543978084621921,-0.2754960121387335,0.1882376810801364,-1.4790203890246483,0.13913486560624883,-0.21681800676754026,6882,0.48840151834668916,-0.10250070922240095,2.3486487027030956
conditional_signal,A,1996-2006,pre-registered,2583,-0.00637614684213332,0.023958550367057154,-0.2661324138751099,0.31236946990100056,-0.8649281188901696,0.3870782429960976,-0.08901226417751118,2352,0.4932249322493225,-0.06013261355051736,1.4500081642407379
conditional_signal,A,2007-2024,pre-registered,4530,-0.007369158275941505,0.026249544716747442,-0.2807347081810496,0.23587674316576357,-1.200404278896176,0.22998236787926596,-0.18954026372797206,4297,0.4856512141280353,-0.12002592201692737,2.6496690362147683
conditional_signal,A,post-2010,pre-registered,3774,-0.007891211667803526,0.02482028618609199,-0.3179339516328928,0.25842996517339695,-1.2487088167756355,0.21177159490757236,-0.15578563669298373,3335,0.4846316905140435,-0.04175120544559271,2.587688336626254
conditional_signal,A,last 18m,pre-registered,378,-0.004991482917685494,0.02373014732630648,-0.21034352838391768,0.8165324188329587,-0.2582473106365999,0.7962160472734958,-0.026251857055942573,297,0.5079365079365079,-0.380840822526335,0.9157650348603328
conditional_signal,A,last 12m,pre-registered,252,-0.008879538589251865,0.02345724970394374,-0.3785413337591319,1.0001421461882665,-0.38996877707494776,0.6965596350281439,-0.02281255835151197,175,0.49603174603174605,-0.48319151268911537,0.9700364266492603
conditional_signal,B,full 1996-2024,pre-registered,7112,0.004725018781430616,0.025077233921824493,0.18841865877872896,0.1882433710911769,0.9836512926569928,0.32528699608537126,-0.09576631729461205,3276,0.49943757030371205,-0.015329840646886785,4.080658553244036
conditional_signal,B,1996-2006,pre-registered,2583,-0.0002355769544316234,0.0237757939027772,-0.009908268695250851,0.3123475541981826,-0.032068859796261596,0.974417136914062,-0.09576631729461205,2064,0.4986449864498645,0.019355338556169173,1.403396853341781
conditional_signal,B,2007-2024,pre-registered,4529,0.007554168436041384,0.02579096485195662,0.2928997995772265,0.23590441531570383,1.2048058249768883,0.228278270774238,-0.06409610145038802,818,0.4998896003532789,-0.0338933369116058,5.127361398353262
conditional_signal,B,post-2010,pre-registered,3773,0.009661059434058013,0.024963043430056907,0.38701448647986386,0.258476694228735,1.4871933345869535,0.13696375598694363,-0.05587969082109312,818,0.5027829313543599,-0.13467163129700416,5.176852828615189
conditional_signal,B,last 18m,pre-registered,377,-0.0026445101482461264,0.024244727700019474,-0.10907567950305347,0.8175884003858154,-0.12136319754711158,0.9034033654667394,-0.03394210824643218,210,0.4960212201591512,0.0210550710415706,1.6404828307963824
conditional_signal,B,last 12m,pre-registered,251,-0.006988588494667458,0.026425968607369493,-0.264459123466851,1.0020595709443054,-0.24177627193785878,0.808953525770912,-0.033942108246431624,210,0.4900398406374502,0.005540795848372595,1.5012100265025037
conditional_signal,overnight,full 1996-2024,pre-registered,7113,-0.0026397138578442363,0.010877250388871619,-0.2426820900017982,0.18823450624266394,-1.2908686081035872,0.19674924240064484,-0.11471589849204988,6510,0.48882328131590047,-0.1553911457751422,6.420256162723357
conditional_signal,overnight,1996-2006,pre-registered,2583,-0.002920012775049081,0.010148159271941546,-0.2877381697311915,0.3123731777514463,-0.8992240061009734,0.3685333559515821,-0.07685650447984715,1980,0.4901277584204414,-0.24928792418415605,6.52513146215926
conditional_signal,overnight,2007-2024,pre-registered,4530,-0.0024798877865108778,0.011272967306047448,-0.21998536136803376,0.23586962611853993,-0.9452917451976036,0.3445099515806981,-0.05219029585380608,4190,0.4880794701986755,-0.11605308896563722,6.257636379298765
conditional_signal,overnight,post-2010,pre-registered,3774,-0.0005469155310863416,0.010967300106963842,-0.04986783672848251,0.2584046912748665,-0.19474598137979962,0.8455918130733648,-0.04090865782162256,2766,0.4933757286698463,0.10939524094315008,6.741422148084702
conditional_signal,overnight,last 18m,pre-registered,378,-0.007353232854944529,0.013266361914949596,-0.5542765154520863,0.8167453982583351,-0.6711329331012836,0.5021358486705131,-0.026490719745043467,105,0.48412698412698413,-0.6032881240823962,3.771349284682654
conditional_signal,overnight,last 12m,pre-registered,252,-0.013493025368283874,0.014110692230661215,-0.9562270332113681,1.0009067021787585,-0.9341292926654795,0.35023720340730047,-0.026490719745043467,105,0.4880952380952381,-0.8770884219514028,3.7076625555319307
conditional_signal,A_Cvalid,full 1996-2024,diagnostic,7113,-0.0073040734346847295,0.025435525917240395,-0.2871603071408865,0.18823890648871974,-1.541593668741383,0.12317236505082219,-0.22282250617025634,6882,0.48812034303388163,-0.10111272459231267,2.3436889914842434
conditional_signal,A_Cvalid,1996-2006,diagnostic,2583,-0.007033086120909671,0.023941878305341932,-0.29375665648339894,0.3123742621134139,-0.9547864146584298,0.3396857189279583,-0.09523861088366459,2352,0.4924506387921022,-0.05721688984277668,1.431483724863999
conditional_signal,A_Cvalid,2007-2024,diagnostic,4530,-0.007458590042075675,0.026251763996896365,-0.28411767083375705,0.23587719024905332,-1.2147654633023313,0.22445555666853,-0.19029511753813177,4297,0.4856512141280353,-0.11950096575937193,2.6482911415112147
conditional_signal,A_Cvalid,post-2010,diagnostic,3774,-0.008020282218131981,0.02482133568488665,-0.32312049278699434,0.2584308174239102,-1.268980102764517,0.20444816069702143,-0.15657241901819086,3335,0.4846316905140435,-0.04136293056858137,2.5870157631144064
conditional_signal,A_Cvalid,last 18m,diagnostic,378,-0.004991482917685494,0.02373014732630648,-0.21034352838391768,0.8165324188329587,-0.2582473106365999,0.7962160472734958,-0.026251857055942573,297,0.5079365079365079,-0.380840822526335,0.9157650348603328
conditional_signal,A_Cvalid,last 12m,diagnostic,252,-0.008879538589251865,0.02345724970394374,-0.3785413337591319,1.0001421461882665,-0.38996877707494776,0.6965596350281439,-0.02281255835151197,175,0.49603174603174605,-0.48319151268911537,0.9700364266492603
common_lag,C,full 1996-2024,pre-registered,7113,0.008494664888908921,0.02397232974692614,0.35435291348760767,0.18824695463058239,1.903695865986445,0.056949805156529525,-0.0764693135612371,1370,0.513285533530156,0.09469917605797468,2.7677957599371794
common_lag,C,1996-2006,pre-registered,2583,0.011251284035295978,0.022961114949478653,0.49001470791171,0.3124219188288273,1.6205267491930613,0.10511917305147311,-0.06102095783396877,1370,0.5280681378242353,-0.08736000413906106,2.137783403928105
common_lag,C,2007-2024,pre-registered,4530,0.00692284430279021,0.02453221319655304,0.2821940379909515,0.23587693537019108,1.1978915299579693,0.23095924760773656,-0.07646931356123832,634,0.5048565121412804,0.18109785839917875,3.0154353578855186
common_lag,C,post-2010,pre-registered,3774,0.009552211889887578,0.023186534564934493,0.4119723826402933,0.25844755870267333,1.617441572272884,0.10578299815544069,-0.07646931356123643,634,0.5074191838897721,0.19741164827439822,2.619279389463676
common_lag,C,last 18m,pre-registered,378,-0.02217416153907004,0.020718542094961268,-1.0702568471003944,0.8174238874643368,-1.2970376107171886,0.19461824620936086,-0.060944113371984465,367,0.46825396825396826,0.0022138974593816354,0.690948596935097
common_lag,C,last 12m,pre-registered,252,-0.013227450151271037,0.020919477598691352,-0.6323030816074728,1.0003965554859708,-0.6284008797682888,0.5297413609061666,-0.041917999899615976,245,0.47619047619047616,-0.1460242967700118,0.6448533944241825
common_lag,A,full 1996-2024,pre-registered,7113,0.011915553600887112,0.02670807569312804,0.4461404759292701,0.18826067244754613,2.385244861197237,0.017067756839714187,-0.08152537487536748,1222,0.5176437508786729,0.009257174431601407,2.795624362664282
common_lag,A,1996-2006,pre-registered,2583,0.019335820615517765,0.02506585423531628,0.7714008241648019,0.3125318595394118,2.5692200589360246,0.010192770796722683,-0.06419491746745254,1222,0.5319396051103368,-0.18640580278515814,1.6990442209002214
common_lag,A,2007-2024,pre-registered,4530,0.007684527177312941,0.027599923786785788,0.2784256665589822,0.23587644108358077,1.171482597207019,0.24140484896336267,-0.0815253748753676,1184,0.5094922737306843,0.09784924659383505,3.166741366854617
common_lag,A,post-2010,pre-registered,3774,0.010098779905777408,0.026180674366566046,0.3857341397849563,0.25844219397011253,1.4955849528064318,0.13476184673207642,-0.07306305986850348,1184,0.5100688924218336,0.17446039406161512,1.997556070991247
common_lag,A,last 18m,pre-registered,378,-0.030079246698631375,0.0244239200236534,-1.231548689542918,0.8177242198333151,-1.5401070380970607,0.123534264494688,-0.06461930073460997,334,0.48148148148148145,-0.009211069287499096,0.6127599854932595
common_lag,A,last 12m,pre-registered,252,-0.029399920686717727,0.024286638709949744,-1.2105388908623727,1.0014527190163196,-1.2612807179168357,0.20720772578061208,-0.04704552867224909,245,0.4801587301587302,-0.1561988650849492,0.8429348133497641
common_lag,B,full 1996-2024,pre-registered,7112,0.005667684607723361,0.02608495656861885,0.2172779008780023,0.18824555740395665,1.1785467440559523,0.23857870859834285,-0.13618382395683992,5254,0.5122328458942632,-0.2643584322986279,3.0513305160839943
common_lag,B,1996-2006,pre-registered,2583,0.0006756841682203112,0.025285543293722443,0.02672215346023675,0.3123477450460673,0.08431423851007969,0.9328065920187308,-0.13618382395683992,1769,0.5067750677506775,-0.5698811077521511,4.677662197676003
common_lag,B,2007-2024,pre-registered,4529,0.008514745136589863,0.026531186284457414,0.3209334496127676,0.235908441818162,1.4173470012529925,0.15638149972760046,-0.06602354530546428,1590,0.5153455508942372,-0.11515844932985846,2.2583501494807177
common_lag,B,post-2010,pre-registered,3773,0.009751102950979761,0.025529271240120978,0.38195774800086124,0.25847569741548354,1.5688037772331893,0.11669366801563597,-0.06602354530546128,1590,0.5147097800159025,0.011379199758461493,2.206094719233385
common_lag,B,last 18m,pre-registered,377,-0.01543595778766118,0.02342607537586573,-0.6589220575787862,0.817930832358396,-0.7954765801334664,0.42633632895900886,-0.02902486876821142,320,0.5013262599469496,-0.2688599542896004,1.4417641175382263
common_lag,B,last 12m,pre-registered,251,-0.003199129264475202,0.024609048673762658,-0.1299980875687408,1.0020068503224768,-0.12458944914313111,0.9008485816738029,-0.029024868768211087,60,0.5059760956175299,-0.5002640330680381,1.1792504003674082
common_lag,overnight,full 1996-2024,pre-registered,7113,0.003512252040855574,0.011014843250834998,0.31886536747486827,0.18824249400002158,1.6527309332001339,0.09838563595660188,-0.050898824881832505,2400,0.5118796569661184,-0.18077225082312584,5.534218482363601
common_lag,overnight,1996-2006,pre-registered,2583,0.007765529397229934,0.010640852168281666,0.7297845392850663,0.31251251170424466,2.2684149502102673,0.023303927407806842,-0.0444110581829773,1132,0.5241966705381339,0.04375447192939886,3.421267780329522
common_lag,overnight,2007-2024,pre-registered,4530,0.0010870389257308564,0.011220809471891833,0.09687705048854922,0.23586049894544392,0.40225977295422,0.6874928564020172,-0.050898824881832505,2400,0.5048565121412804,-0.2856919983068992,6.464682925954042
common_lag,overnight,post-2010,pre-registered,3774,0.000850106121803975,0.011111031368569797,0.07651010006224113,0.2584055544111455,0.28809022865325845,0.7732776721060075,-0.05089882488183273,1182,0.49973502914679385,-0.31937497644820456,7.169060808567055
common_lag,overnight,last 18m,pre-registered,378,-0.007979380620108311,0.01251377530416593,-0.6376477462762109,0.8168258628836199,-0.8227138357567221,0.410670745465782,-0.024519295219250115,172,0.47883597883597884,0.026063747589669523,2.06770252954881
common_lag,overnight,last 12m,pre-registered,252,-0.016098870430980742,0.01267320089196201,-1.2703081540506052,1.0015995964454545,-1.3067561201842413,0.19129555214930194,-0.02451929521924956,172,0.4722222222222222,-0.14210748392135553,2.5321922137716264
common_lag,A_Cvalid,full 1996-2024,diagnostic,7113,0.01188656157719947,0.026683995030101288,0.4454565953782653,0.18826055861233643,2.381696043501896,0.01723311523128827,-0.08132151000755461,1221,0.5182061015042879,0.00921805963584623,2.797313388554887
common_lag,A_Cvalid,1996-2006,diagnostic,2583,0.019288568938860388,0.02500646549055114,0.7713432730486722,0.3125318320434466,2.5673663609695283,0.010247428068473632,-0.06274989094407923,1221,0.5334881920247774,-0.1883683205648899,1.6787877557863977
common_lag,A_Cvalid,2007-2024,diagnostic,4530,0.007665946783563679,0.02759407723840181,0.27781131136703574,0.2358763611302237,1.169366574618127,0.24225597083557604,-0.08132151000755539,1184,0.5094922737306843,0.09817623670342443,3.1705459422528897
common_lag,A_Cvalid,post-2010,diagnostic,3774,0.010063966919237683,0.02617282929190532,0.38451964084564016,0.25844195419402277,1.4917852218722687,0.13575545929435756,-0.07307726813295812,1184,0.5100688924218336,0.17510652130784385,2.00200832016602
common_lag,A_Cvalid,last 18m,diagnostic,378,-0.030079246698631375,0.0244239200236534,-1.231548689542918,0.8177242198333151,-1.5401070380970607,0.123534264494688,-0.06461930073460997,334,0.48148148148148145,-0.009211069287499096,0.6127599854932595
common_lag,A_Cvalid,last 12m,diagnostic,252,-0.029399920686717727,0.024286638709949744,-1.2105388908623727,1.0014527190163196,-1.2612807179168357,0.20720772578061208,-0.04704552867224909,245,0.4801587301587302,-0.1561988650849492,0.8429348133497641
leader_ret_lag,C,full 1996-2024,pre-registered,7113,0.007935127059552714,0.023177388120785368,0.34236502483368836,0.18824539521908268,1.7998575535020358,0.0718831334567098,-0.08096044131792668,1723,0.5165190496274427,0.1510294635675103,2.9819233642550795
leader_ret_lag,C,1996-2006,pre-registered,2583,0.011162944216423705,0.022336400805334916,0.4997646806981322,0.3124249084340149,1.6247190902232382,0.1042224277752862,-0.0623666759278807,1287,0.5183894696089818,0.009499551823302865,1.3687134613313914
leader_ret_lag,C,2007-2024,pre-registered,4530,0.0060946299919593895,0.02364517910170187,0.2577535981328527,0.23587384777870718,1.0679593983729636,0.2855388269071333,-0.08096044131792546,1147,0.5154525386313465,0.22039535380500272,3.693485978487611
leader_ret_lag,C,post-2010,pre-registered,3774,0.008640430069666026,0.022114595679778033,0.3907116455928238,0.25844318456657717,1.455697367923273,0.14547629783229654,-0.08096044131792623,1147,0.5185479597244304,0.2679977513074389,4.091721076868393
leader_ret_lag,C,last 18m,pre-registered,378,-0.017654302119266968,0.01901331043746526,-0.9285233193520895,0.8171946427057055,-1.1644216198317392,0.2442531902501246,-0.052114916563604785,362,0.46825396825396826,0.12495641931135244,0.2922218783372683
leader_ret_lag,C,last 12m,pre-registered,252,-0.015097457943830137,0.019055944305004787,-0.7922702597249403,1.0006225167170684,-0.8486587963856687,0.39607117989096285,-0.035017988269327116,248,0.46825396825396826,0.07189328850737133,0.27578649677408995
leader_ret_lag,A,full 1996-2024,pre-registered,7113,0.014944700252835548,0.026042619201499008,0.5738554996025643,0.18828499112718416,3.052562981186494,0.0022689611164506502,-0.10299511142572038,1688,0.516378461971039,0.0736941952036446,3.3655125628114053
leader_ret_lag,A,1996-2006,pre-registered,2583,0.020543573281058207,0.02463022076884028,0.8340799489320008,0.3125630217090896,2.730608403345385,0.006321753859162095,-0.07166031930245187,1287,0.5245838172667441,-0.014368230457707402,1.4582838521135413
leader_ret_lag,A,2007-2024,pre-registered,4530,0.011752230267868851,0.02681527234324526,0.4382663027783578,0.23590324216422467,1.8430715500952435,0.06531856451609756,-0.10299511142571849,1175,0.5116997792494481,0.11587729026354765,4.087552140439302
leader_ret_lag,A,post-2010,pre-registered,3774,0.012340385526931268,0.025525515327718355,0.48345294378957165,0.2584639634378074,1.8063814725981338,0.07085877355208346,-0.10299511142571871,1175,0.5135135135135135,0.06740546743092089,4.621034867194082
leader_ret_lag,A,last 18m,pre-registered,378,-0.012269991925564987,0.02213988885350679,-0.5542029594977625,0.8167453322335463,-0.7155036715206355,0.47429787297720394,-0.04972183594001833,362,0.4603174603174603,0.1275402935163502,0.4747096324507316
leader_ret_lag,A,last 12m,pre-registered,252,-0.010081823735530342,0.022551522276798113,-0.44705734769412514,1.0001982544270824,-0.5079047149533564,0.6115201679775653,-0.033677049131673686,248,0.4603174603174603,0.09112633210087245,0.4632402520112233
leader_ret_lag,B,full 1996-2024,pre-registered,7112,8.110614687550025e-05,0.025433063165070754,0.0031890042638233907,0.18823674344057484,0.016700957499070176,0.9866751832944592,-0.1788363677640057,6211,0.49817210348706414,0.12045292757983256,3.0085400280628702
leader_ret_lag,B,1996-2006,pre-registered,2583,-0.0013335752514619314,0.024465881501106748,-0.0545075496830803,0.3123484444180041,-0.16809288681064077,0.8665102052338123,-0.17598782811611713,1682,0.4986449864498645,-0.053449699764336445,1.0935149698612596
leader_ret_lag,B,2007-2024,pre-registered,4529,0.0008879337140880354,0.025971070296238175,0.034189338520124436,0.2358846137305202,0.14465800982266214,0.8849808936552792,-0.0746591303985139,4060,0.4979024067122985,0.20247496528343403,3.8388265706624916
leader_ret_lag,B,post-2010,pre-registered,3773,-0.00034307531003510927,0.025098791525348055,-0.013668997158234763,0.25843834325612874,-0.051908342491639566,0.9586017268923805,-0.06816071787813538,3475,0.4966869864829048,0.19822038942679382,4.242328760549115
leader_ret_lag,B,last 18m,pre-registered,377,-0.005336412459232668,0.023901623714600258,-0.22326568784416653,0.8176191803612812,-0.2418496174503685,0.8088966907204727,-0.05232923038069781,377,0.506631299734748,0.018114244086783075,1.040369613926332
leader_ret_lag,B,last 12m,pre-registered,251,0.01943322338065066,0.025019855940381266,0.7767120413066027,1.0025895570524255,0.7022916097280084,0.48249732463672024,-0.026764982510113722,71,0.5378486055776892,-0.03395573472460933,1.2745452622845788
leader_ret_lag,overnight,full 1996-2024,pre-registered,7113,0.007515259161621093,0.010973080882753028,0.6848814149755539,0.18831107672209937,3.688875075431286,0.00022524777763318975,-0.04531621793168106,1601,0.516940812596654,0.1342055862688994,9.463186667349529
leader_ret_lag,overnight,1996-2006,pre-registered,2583,0.010426367844855223,0.01001702426419584,1.0408647887699058,0.3126830550213796,3.3618197141078903,0.0007743066049885061,-0.028285204914806017,1017,0.5272938443670151,0.05045591806042199,3.742048993430063
leader_ret_lag,overnight,2007-2024,pre-registered,4530,0.00585534884621408,0.011482406651635845,0.5099409055835779,0.2359191408713818,2.1982154125376154,0.027933758863592936,-0.045316217931679614,1601,0.5110375275938189,0.17136947871028893,11.102359636373697
leader_ret_lag,overnight,post-2010,pre-registered,3774,0.003897119301580337,0.01122959853430995,0.3470399489058682,0.25843492627543596,1.3703269733241796,0.17058485670936063,-0.04531621793167995,1601,0.5103338632750397,0.04124031329647169,13.097295598483345
leader_ret_lag,overnight,last 18m,pre-registered,378,0.005574246381309082,0.011665638471769803,0.4778346590114591,0.8166815077703574,0.6061779275988173,0.5443966081242904,-0.009443940702898113,214,0.5,0.3545330878655095,2.4548362538969
leader_ret_lag,overnight,last 12m,pre-registered,252,0.00552794978644764,0.012160412329640618,0.45458571934879544,1.000204987101489,0.4715025350441548,0.6372819097837152,-0.006673005299795642,173,0.5158730158730159,0.37198728075965604,3.022299494624619
leader_ret_lag,A_Cvalid,full 1996-2024,diagnostic,7113,0.015279505452422713,0.026027718648674834,0.5870474342629584,0.18828784985364222,3.1217946992114927,0.0017975224146391537,-0.10287269151360856,1674,0.5165190496274427,0.07237265109558996,3.3666367055133923
leader_ret_lag,A_Cvalid,1996-2006,diagnostic,2583,0.0213508516816837,0.024588654656113963,0.8683212636188219,0.31258107173446875,2.8391573921452564,0.004523283988024153,-0.07072820678929692,1287,0.5249709639953543,-0.018668017871343135,1.4348473115429483
leader_ret_lag,A_Cvalid,2007-2024,diagnostic,4530,0.011817631874016287,0.026813936629505986,0.440727224700464,0.23590374821132806,1.8538360716985,0.06376261612105268,-0.10287269151360923,1175,0.5116997792494481,0.11603657338876104,4.092106767470163
leader_ret_lag,A_Cvalid,post-2010,diagnostic,3774,0.012432261504734128,0.02552261729721351,0.4871076253645604,0.2584648725333667,1.8204906163297945,0.0686843239748863,-0.10287269151360878,1175,0.5135135135135135,0.06760234305627813,4.628552768713026
leader_ret_lag,A_Cvalid,last 18m,diagnostic,378,-0.012269991925564987,0.02213988885350679,-0.5542029594977625,0.8167453322335463,-0.7155036715206355,0.47429787297720394,-0.04972183594001833,362,0.4603174603174603,0.1275402935163502,0.4747096324507316
leader_ret_lag,A_Cvalid,last 12m,diagnostic,252,-0.010081823735530342,0.022551522276798113,-0.44705734769412514,1.0001982544270824,-0.5079047149533564,0.6115201679775653,-0.033677049131673686,248,0.4603174603174603,0.09112633210087245,0.4632402520112233
shock_lag,C,full 1996-2024,pre-registered,7113,0.00770247175131967,0.022741003914607184,0.3387041214294043,0.18824492969425102,1.776528076685734,0.07564591844229074,-0.06470291495972702,1478,0.5099114297764656,0.12794406632640942,3.639278821285692
shock_lag,C,1996-2006,pre-registered,2583,0.007625894062872178,0.021711528080984106,0.3512370955387183,0.31238574914879036,1.120596855511778,0.2624595041036979,-0.050723296831168385,1117,0.5036778939217964,-0.031063427959554614,1.6927534727509546
shock_lag,C,2007-2024,pre-registered,4530,0.007746136247845027,0.023310018759791027,0.3323093099009789,0.23588414053702847,1.3847233832150203,0.16613706622552793,-0.06470291495972536,1147,0.5134657836644592,0.20082616931426067,4.431874767070391
shock_lag,C,post-2010,pre-registered,3774,0.009926925414946972,0.021620440498252284,0.45914538215580897,0.25845809109897305,1.7587411774046005,0.07862147992912705,-0.06425442230320655,1147,0.5148383677795443,0.259477734748524,5.412028689438435
shock_lag,C,last 18m,pre-registered,378,-0.010227384598740088,0.018252201500523077,-0.5603370419972072,0.8167508683516779,-0.7033117479666731,0.4818614910005883,-0.03264887023443963,359,0.4497354497354497,0.3615654701224915,0.8435392984603984
shock_lag,C,last 12m,pre-registered,252,-0.011286531261196265,0.017910790628100692,-0.6301525988187557,1.000393863207512,-0.6686482293608094,0.5037198992802261,-0.0256474130326394,248,0.44841269841269843,0.27183020712015066,0.6026374420651606
shock_lag,A,full 1996-2024,pre-registered,7113,0.013183918375020512,0.025447514333814463,0.518082756613357,0.1882736225871552,2.7413217677428516,0.0061192549624081135,-0.07722180620676156,826,0.5111767186840995,0.03782597888902356,3.609431692404299
shock_lag,A,1996-2006,pre-registered,2583,0.013641111664670993,0.02391527177118731,0.5703933367424894,0.3124483228068542,1.836786177536053,0.06624146725929321,-0.05779369928743927,826,0.5090979481223383,-0.0140486132898368,1.4505919180184739
shock_lag,A,2007-2024,pre-registered,4530,0.012923227366815834,0.026283806054419098,0.49168021328642597,0.2359148622557039,2.0668083700964557,0.0387522144735843,-0.07722180620676145,721,0.5123620309050773,0.06026547690962734,4.381840825546429
shock_lag,A,post-2010,pre-registered,3774,0.01340275986673602,0.02494892364280446,0.5372079396540028,0.2584780247743695,2.0446891464376353,0.04088551433607809,-0.07722180620675978,721,0.5132485426603074,-0.0004923074263159242,5.407682955197565
shock_lag,A,last 18m,pre-registered,378,-0.002339531865384379,0.022173602435021266,-0.1055097777747333,0.8165055982347489,-0.134775052990979,0.892789730677659,-0.029407901605698616,362,0.4656084656084656,0.4340891852184453,0.6826739517964988
shock_lag,A,last 12m,pre-registered,252,0.0021138224182899006,0.022223477443005263,0.09511663616601174,1.0000089753312253,0.10233741642406179,0.9184888571860594,-0.019634387394726338,242,0.4801587301587302,0.4106808752488426,0.5333245803364757
shock_lag,B,full 1996-2024,pre-registered,7112,-0.003126024706959868,0.02516729401811932,-0.12420980597712539,0.18823962260147872,-0.6340712263842025,0.5260343398230058,-0.22339164956046154,6211,0.49479752530933635,0.07374997540049942,4.500391402013761
shock_lag,B,1996-2006,pre-registered,2583,0.0010525855799983289,0.023656833708748135,0.04449393325232235,0.3123481372265566,0.1380273546386216,0.8902187985838033,-0.1220463768407889,1682,0.5017421602787456,-0.021819845960876102,0.9599519755236976
shock_lag,B,2007-2024,pre-registered,4529,-0.005509188842798468,0.025990828741997384,-0.21196664783129535,0.23589485409414537,-0.8603616531189193,0.3895897171094004,-0.17377167192705112,4060,0.4908368293221462,0.11751683787084233,5.809421445040114
shock_lag,B,post-2010,pre-registered,3773,-0.004687743133608125,0.024861629466112273,-0.18855333436602653,0.2584474103615566,-0.7079874249698472,0.47895306661484116,-0.1219510308158751,3401,0.4908560826928174,0.25993969876402895,5.8731311266747
shock_lag,B,last 18m,pre-registered,377,-0.0024220822848546675,0.02421986409344633,-0.10000395854863861,0.8175868619982238,-0.10631207566164869,0.9153347508961964,-0.044558972968275046,377,0.4880636604774536,0.03726203107288153,1.584032950906547
shock_lag,B,last 12m,pre-registered,251,0.013886698122796923,0.025900210010550394,0.5361616032124916,1.0022757662853012,0.47001640163058095,0.6383432994546412,-0.027847133769714705,140,0.5179282868525896,0.07578541614751243,1.6603308209301666
shock_lag,overnight,full 1996-2024,pre-registered,7113,0.005908045552399703,0.010935590356564483,0.5402584917469213,0.1882780038208246,2.8661995015461486,0.0041543235246249794,-0.032135487769492266,1767,0.5111767186840995,0.1021009178428988,9.187898053401844
shock_lag,overnight,1996-2006,pre-registered,2583,0.007092336303881493,0.009879590737650802,0.7178775409038786,0.31250717317783056,2.255429037782475,0.024106411799871903,-0.025674707820730003,1005,0.5129694154084398,0.02019189576260939,4.195888086815679
shock_lag,overnight,2007-2024,pre-registered,4530,0.005232764534501808,0.011495212368174837,0.45521251516753375,0.23590678427013512,1.942148249096362,0.05211915592110082,-0.03213548776949282,1767,0.5101545253863135,0.1336378406578704,10.44030866901039
shock_lag,overnight,post-2010,pre-registered,3774,0.003605759205755094,0.01115189425986903,0.3233315454514936,0.2584308523959474,1.2698257351984643,0.20414671147921337,-0.032135487769491045,1767,0.509009009009009,-0.13528067325862694,11.704948649089461
shock_lag,overnight,last 18m,pre-registered,378,0.007568309999746357,0.012654509309684148,0.5980721823764861,0.8167862645948837,0.7468318038412827,0.45516509525691373,-0.010535004190416641,260,0.48412698412698413,0.8558869169460215,3.45711854301258
shock_lag,overnight,last 12m,pre-registered,252,0.013080940823967848,0.013627773291293251,0.959873674470739,1.0009136277522266,0.9662275541595969,0.3339303279369049,-0.009849848327262989,150,0.503968253968254,0.8982170393697785,3.5481113236500654
shock_lag,A_Cvalid,full 1996-2024,diagnostic,7113,0.013568473352451116,0.02544056716482288,0.5333400495572476,0.18827661725834793,2.821890436733752,0.0047741484493634976,-0.07702144134571376,824,0.512723182904541,0.035751046905829975,3.6062438885622985
shock_lag,A_Cvalid,1996-2006,diagnostic,2583,0.014444105213102961,0.023892073507972806,0.6045563692193962,0.31246075662336936,1.9476108747704841,0.05146154154981074,-0.05713868390141186,824,0.5125822686798297,-0.018839343467133108,1.4266095707176367
shock_lag,A_Cvalid,2007-2024,diagnostic,4530,0.01306918922528473,0.026285235343090078,0.49720647560115494,0.23591614064567537,2.08949619821898,0.03666307982056105,-0.07702144134571254,701,0.51280353200883,0.059592196043225465,4.382116205512616
shock_lag,A_Cvalid,post-2010,diagnostic,3774,0.013597786650119953,0.02494927290282088,0.5450173519318283,0.25848019072571676,2.0737508540081375,0.03810245561170371,-0.07702144134571376,701,0.5137784843667197,-0.0011790509985013713,5.409785341381612
shock_lag,A_Cvalid,last 18m,diagnostic,378,-0.002339531865384379,0.022173602435021266,-0.1055097777747333,0.8165055982347489,-0.134775052990979,0.892789730677659,-0.029407901605698616,362,0.4656084656084656,0.4340891852184453,0.6826739517964988
shock_lag,A_Cvalid,last 12m,diagnostic,252,0.0021138224182899006,0.022223477443005263,0.09511663616601174,1.0000089753312253,0.10233741642406179,0.9184888571860594,-0.019634387394726338,242,0.4801587301587302,0.4106808752488426,0.5333245803364757
reversal,C,full 1996-2024,pre-registered,7174,0.025161175470341822,0.03235313739448337,0.7777043432774509,0.18753399915622856,3.7020408565279554,0.00021387216675546053,-0.4567216683777937,2043,0.523557290214664,1.0340377583883738,23.837321772987167
reversal,C,1996-2006,pre-registered,2644,0.030143392819979638,0.03183187638108994,0.9469562038726261,0.3089979186033788,2.4614804552730525,0.01383649363086995,-0.4567216683777937,2043,0.5355521936459909,1.252413154641576,16.37666598242086
reversal,C,2007-2024,pre-registered,4530,0.022253232275542177,0.03265563072847186,0.6814516142889865,0.23596693568249813,2.765864373668459,0.005677214094516535,-0.1100210623368203,1503,0.5165562913907285,0.9166228859949652,27.741426560775736
reversal,C,post-2010,pre-registered,3774,0.01941156868166489,0.03005674857568877,0.645830623787625,0.25851095587559453,2.306528198912935,0.021081136337696534,-0.11002106233681952,798,0.5177530471648119,0.38752109647176713,30.798879880641287
reversal,C,last 18m,pre-registered,378,-0.0018439615478224153,0.022962514848547347,-0.08030311836419207,0.8165018043756562,-0.10060130143820858,0.9198669635513751,-0.034746157076344764,192,0.5,0.17739862268926498,0.9036806964690838
reversal,C,last 12m,pre-registered,252,-0.020914516920355227,0.02329113278448154,-0.8979604862452287,1.0007996138751525,-0.9018785849450622,0.36712136844842735,-0.03474615707634754,192,0.4801587301587302,0.07522708331239746,0.6504292497039179
reversal,A,full 1996-2024,pre-registered,7174,0.10098860521955441,0.03706153079395545,2.724890285320464,0.18879709362467914,12.987774565488019,1.4354045032220226e-38,-0.16413774647862533,453,0.5848898801226652,1.614169562983813,21.802394847495293
reversal,A,1996-2006,pre-registered,2644,0.18275868590931002,0.03708141926180968,4.92857850501785,0.3160755017138857,13.109660629553185,2.8989270245195646e-39,-0.16413774647862533,453,0.653177004538578,2.1150089976408832,18.6614247229352
reversal,A,2007-2024,pre-registered,4530,0.053262315298204806,0.03672150701271755,1.450439255659055,0.23635004487497233,6.058957389460958,1.3700667720657385e-09,-0.10089310300840537,350,0.5450331125827814,1.351622550460478,24.237387087660835
reversal,A,post-2010,pre-registered,3774,0.03891183592447826,0.03387720694496795,1.1486140515565184,0.2587420431970497,4.345355238384232,1.3905044851279391e-05,-0.10089310300840415,350,0.5410704822469529,0.6751292805721689,24.80012536125449
reversal,A,last 18m,pre-registered,378,0.032373213614130564,0.02879251384456389,1.1243621793115062,0.8175199545404263,1.460718135158014,0.14409281008385239,-0.02211809452948632,181,0.5317460317460317,0.027777686135747885,2.3849270056289633
reversal,A,last 12m,pre-registered,252,0.009058111410339341,0.030004241487246612,0.3018943643081102,1.0000904127849872,0.325379495845909,0.7448938719032911,-0.02211809452948832,181,0.4880952380952381,0.04543064286535829,2.7229752653792714
reversal,B,full 1996-2024,pre-registered,7173,0.06590013397767927,0.03166994743704176,2.0808412804816103,0.18823804980104555,9.676819490728723,3.783016529735312e-22,-0.07774021842658285,1011,0.5569496723825457,1.093952443339424,19.502337140138046
reversal,B,1996-2006,pre-registered,2644,0.1535448460713239,0.02928378917468924,5.243339417428836,0.3170318472641521,13.662689867916274,1.6960116981345845e-42,-0.023466265222806593,313,0.6475037821482602,0.8795371521965701,7.906990234588939
reversal,B,2007-2024,pre-registered,4529,0.014733735484502759,0.03255630623128781,0.45256164442706637,0.2359322638481891,1.8433118807959097,0.06528348747917999,-0.07774021842658241,1011,0.5040847869286819,1.2763878968748035,24.863168674387143
reversal,B,post-2010,pre-registered,3773,0.011390723204215046,0.031098529014865678,0.3662785207226383,0.25847268995849226,1.4203013852462327,0.15551995806468621,-0.07774021842658241,1011,0.5014577259475219,0.530913287037065,16.721246611428576
reversal,B,last 18m,pre-registered,377,0.024189606475308583,0.028357148009821,0.8530338264952082,0.8181687408314174,1.0265258768398964,0.3046437726888578,-0.031628343718618446,235,0.4960212201591512,0.4561750508645602,0.8169253029748322
reversal,B,last 12m,pre-registered,251,0.02317202836365554,0.029296352410033342,0.7909526769523583,1.0026117349751682,0.813407433567145,0.41598449877512267,-0.023116222882244797,95,0.5059760956175299,0.4301225024062217,0.7954298622703324
reversal,overnight,full 1996-2024,pre-registered,7174,0.07492935079639573,0.016018968324795182,4.6775391072105,0.19144647919925165,18.029680434836827,1.139483146753269e-72,-0.06405166491185876,758,0.6329802063005296,1.8778671813466397,39.29545562969081
reversal,overnight,1996-2006,pre-registered,2644,0.150545212794394,0.01811695567147437,8.309630796935242,0.3291929467870318,17.88614140692422,1.5122446419958702e-71,-0.025859107944268933,413,0.7220121028744326,3.4694892519923197,53.009509292353144
reversal,overnight,2007-2024,pre-registered,4530,0.030795059599330047,0.013924555356330316,2.211565023893574,0.23699997202310485,8.81607577703989,1.1854127093441373e-18,-0.06405166491185821,723,0.5810154525386313,-0.3609245517121559,13.356386464090896
reversal,overnight,post-2010,pre-registered,3774,0.019272711804149086,0.013855006124119088,1.3910287466851958,0.25889961208557977,5.744773205482459,9.204427001872765e-09,-0.06405166491185865,723,0.5638579756226815,-0.6527972274893709,15.137724457446929
reversal,overnight,last 18m,pre-registered,378,0.03487097088623718,0.014240178898345003,2.4487733711189468,0.8213394749428158,3.1235114988395054,0.001787068822248027,-0.009201378013584338,79,0.6058201058201058,-0.7960987839476937,5.580223457422571
reversal,overnight,last 12m,pre-registered,252,0.030394231876794575,0.015362052569328922,1.9785267456692686,1.0038759884394757,2.173263645210677,0.029760480024478154,-0.00920137801358445,66,0.6031746031746031,-0.7911959105482357,5.534730057206069
reversal,A_Cvalid,full 1996-2024,diagnostic,7174,0.10009133122431416,0.0370189324063183,2.7037876221203727,0.188775947100311,12.891261666567628,5.041226234892051e-38,-0.16815123931471987,454,0.585029272372456,1.6117806927471066,21.795913574020883
reversal,A_Cvalid,1996-2006,diagnostic,2644,0.17996379746806318,0.036997661823101984,4.864193805774252,0.3158868304804399,12.916109400015582,3.6514299126908934e-38,-0.16815123931471987,454,0.6524205748865356,2.1102653464773478,18.565708672470404
reversal,A_Cvalid,2007-2024,diagnostic,4530,0.053472611412289366,0.036718078779176704,1.4563019959152759,0.23635402401744543,6.082827545599234,1.1808133694269765e-09,-0.10089310300840448,350,0.5456953642384106,1.351737893480317,24.243617938858257
reversal,A_Cvalid,post-2010,diagnostic,3774,0.039178536562989044,0.03387420633552526,1.156589062926647,0.2587467498011429,4.374576660694257,1.2166836140740813e-05,-0.10089310300840493,350,0.5416004239533652,0.6752841077257647,24.809139190843464
reversal,A_Cvalid,last 18m,diagnostic,378,0.032373213614130564,0.02879251384456389,1.1243621793115062,0.8175199545404263,1.460718135158014,0.14409281008385239,-0.02211809452948632,181,0.5317460317460317,0.027777686135747885,2.3849270056289633
reversal,A_Cvalid,last 12m,diagnostic,252,0.009058111410339341,0.030004241487246612,0.3018943643081102,1.0000904127849872,0.325379495845909,0.7448938719032911,-0.02211809452948832,181,0.4880952380952381,0.04543064286535829,2.7229752653792714
reversal,A_retx,full 1996-2024,pre-registered,7174,0.10125168824240778,0.03702048198268648,2.735018098623367,0.18880730002586787,13.03218887432539,8.027135740957854e-39,-0.16395359447786773,453,0.5853080568720379,1.6037463717111078,21.6265693431253
reversal,A_retx,1996-2006,pre-registered,2644,0.1833133030730397,0.037059812686432644,4.9464174205108575,0.31612819519562385,13.153445377322189,1.6259336733019266e-39,-0.16395359447786773,453,0.653555219364599,2.112254898886613,18.658073590286545
reversal,A_retx,2007-2024,pre-registered,4530,0.05335524020439656,0.03666622986538347,1.4551602496434781,0.236353247841313,6.079942738613584,1.2022547415688095e-09,-0.09958995527606052,350,0.5454746136865343,1.3353998779384848,23.957326978302795
reversal,A_retx,post-2010,pre-registered,3774,0.03885770034204428,0.03386334421213372,1.1474856144928833,0.25874137985161616,4.343370131619558,1.4031343744855708e-05,-0.0995899552760603,350,0.5408055113937467,0.6786558882915366,24.721547782509894
reversal,A_retx,last 18m,pre-registered,378,0.03141906445627293,0.028753734485615676,1.0926950887715339,0.8174631543215353,1.4249193577125299,0.1541805133028879,-0.021764849690043775,181,0.5317460317460317,0.029918137958088415,2.3988005198305133
reversal,A_retx,last 12m,pre-registered,252,0.008588445472199386,0.02994014866366504,0.2868538018524339,1.0000816287156356,0.31068174679337013,0.7560425749795858,-0.02176484969004311,181,0.49206349206349204,0.043981925191690065,2.7596135514065683
conditional_signal,A_retx,full 1996-2024,diagnostic,7113,-0.007174091961532889,0.02544776987473089,-0.2819143680113445,0.18823834908359424,-1.5124095815078447,0.13042969892237227,-0.22060929946727248,6882,0.4903697455363419,-0.10713835728081578,2.3696107598047824
conditional_signal,A_retx,1996-2006,diagnostic,2583,-0.006653161123758765,0.023981543889276806,-0.27742839053551027,0.3123713723701303,-0.9017128894178819,0.3672094041825764,-0.09132837287128504,2352,0.49554781262098335,-0.05588407242067493,1.4418831251480189
conditional_signal,A_retx,2007-2024,diagnostic,4530,-0.007471126035257075,0.02624974334677548,-0.2846171079297363,0.23587725670691795,-1.2156885911578756,0.22410357184944973,-0.19082300529514817,4297,0.48741721854304637,-0.12864837167307505,2.68436256304272
conditional_signal,A_retx,post-2010,diagnostic,3774,-0.007996554543924443,0.024817494992759856,-0.3222144114971041,0.25843066754302296,-1.2648982961182589,0.20590778824020972,-0.15594367350254323,3335,0.4859565447800742,-0.04923083338367856,2.5819065160038273
conditional_signal,A_retx,last 18m,diagnostic,378,-0.004731511551345886,0.023712755178695612,-0.1995344495268456,0.8165288302829635,-0.24611756898435436,0.8055912232246469,-0.02591317002350535,297,0.5105820105820106,-0.3837667443626759,0.9038178452646206
conditional_signal,A_retx,last 12m,diagnostic,252,-0.00878869078927044,0.023403254707050965,-0.3755328435844683,1.0001398958858114,-0.38914659373868965,0.6971677077209352,-0.02258187541450607,175,0.49206349206349204,-0.48155821743223015,0.9643945812513866
reversal,A_mid,full 1996-2024,pre-registered,7174,0.01887523278296238,0.036416603948280085,0.5183139210281535,0.1874715198741412,2.390828822673018,0.016810388439267326,-0.671303490856703,3115,0.5128240869807639,1.1679334159329542,17.87623037040941
reversal,A_mid,1996-2006,pre-registered,2644,-0.009749837631095718,0.03701918094475542,-0.26337259178277406,0.3087446414371128,-0.6279478287900377,0.5300381173614168,-0.671303490856703,2643,0.4803328290468986,1.3226165833592651,10.13294117017958
reversal,A_mid,2007-2024,pre-registered,4530,0.03558266902463339,0.03602266202438272,0.9877856611637554,0.2360864979062599,4.159374820248955,3.1911985549404876e-05,-0.09987615850537379,383,0.5317880794701987,1.0785255014959958,23.017372767969317
reversal,A_mid,post-2010,pre-registered,3774,0.027906743286392394,0.03375823525340678,0.82666475533777,0.2585791797220093,3.1299986462892444,0.001748071086847609,-0.09987615850537424,383,0.530736618971913,0.6209016415550936,24.41915021416372
reversal,A_mid,last 18m,pre-registered,378,0.02226808183105697,0.02865594044822968,0.7770843142030838,0.816985571061039,1.013737963709958,0.3107078038991099,-0.028705482838895513,263,0.5264550264550265,0.0352849785807972,2.4373122586301506
reversal,A_mid,last 12m,pre-registered,252,-0.0007073046918478418,0.029820916142775558,-0.023718409201831114,1.0000005580979943,-0.025744229320201827,0.9794613456387501,-0.02610248935466908,181,0.4880952380952381,0.05556509867516779,2.8266834620271375
conditional_signal,A_mid,full 1996-2024,diagnostic,7113,-0.007819161059810165,0.025273617400312042,-0.30938036830903465,0.18824138140359226,-1.6531244188691943,0.09830554456677786,-0.23069350026891278,7079,0.4934626739772248,-0.0904912401040258,2.347504276571496
conditional_signal,A_mid,1996-2006,diagnostic,2583,-0.00823950700664147,0.02351464660191154,-0.3503989299150968,0.31238556694129416,-1.130292844959581,0.2583528484926306,-0.10967863487188467,2549,0.502903600464576,-0.05738924483774442,1.3385242270732824
conditional_signal,A_mid,2007-2024,diagnostic,4530,-0.007579480357676554,0.026226338215692455,-0.2890026161998244,0.23587784527838881,-1.23160635569103,0.21809616561949519,-0.18643462034448688,4297,0.4880794701986755,-0.1039338367149899,2.644553137458449
conditional_signal,A_mid,post-2010,diagnostic,3774,-0.008212697358409175,0.024822317028508147,-0.33085941771579935,0.2584321147159787,-1.2940833760783124,0.19563662303251772,-0.154153711926324,3335,0.48569157392686807,-0.04143863758497157,2.5380698351859907
conditional_signal,A_mid,last 18m,diagnostic,378,-0.0044340273858091556,0.02371231028590606,-0.18699263514802344,0.8165249036706016,-0.23035022533817645,0.8178196355717832,-0.025787506306369168,297,0.5079365079365079,-0.37365392748007803,0.8898926607403896
conditional_signal,A_mid,last 12m,diagnostic,252,-0.008478657707809763,0.023396863265094787,-0.36238437656123185,1.000130271709458,-0.3758235012706427,0.7070481149951116,-0.022506815625500276,175,0.49603174603174605,-0.47906939488695993,0.9337806710086407
conditional_signal,C_volscaled,full 1996-2024,pre-registered,7050,-0.01287123397233407,0.06652407255831778,-0.1934823512353458,0.18906965871182788,-1.0256222756972455,0.3050696633687239,-0.42591497374076137,7045,0.4929078014184397,-0.015255064268798945,2.128149930809368
conditional_signal,C_volscaled,1996-2006,pre-registered,2520,-0.010479787540670452,0.06468335028486613,-0.16201677084624347,0.3162360008301376,-0.5125485675223903,0.6082671385725908,-0.18633808063175517,2515,0.503968253968254,0.021033406427727247,1.404986137668062
conditional_signal,C_volscaled,2007-2024,pre-registered,4530,-0.014201575033656882,0.06753324782024213,-0.21029012363596353,0.23586865006025517,-0.8945659587880658,0.37101915584021283,-0.41630837874226034,4247,0.4867549668874172,-0.03266561973884462,2.4537962987093325
conditional_signal,C_volscaled,post-2010,pre-registered,3774,-0.02079546470100459,0.06415589494074843,-0.32413957782383634,0.2584309865002785,-1.2829948475189727,0.19949388123089562,-0.3966618473482484,3335,0.4872813990461049,-0.06474727679785083,2.956186104510137
conditional_signal,C_volscaled,last 18m,pre-registered,378,0.00807816947634226,0.05781438205724948,0.13972595034126667,0.8165123950020978,0.16971396574381575,0.8652350903328252,-0.0811117706993647,300,0.5502645502645502,-0.4879297168770606,0.7854554197276271
conditional_signal,C_volscaled,last 12m,pre-registered,252,0.015375003199626019,0.05672803768395358,0.2710300554601254,1.000072871641452,0.2851924481904814,0.7754967057021863,-0.05353552785382665,139,0.5396825396825397,-0.3633794441318393,0.669383237756568
