book,convention,period,n_days,cum_return,ann_vol,max_dd,worst_day
conditional_signal,C,Aug 2007 quant quake,23,0.006041142715279779,0.03152327068994745,-0.0070039721793808685,-0.0032189831105200756
conditional_signal,C,Sep-Oct 2008,44,0.004761010528735454,0.048881213361150685,-0.020070723899263676,-0.005789114543741074
conditional_signal,C,Mar 2020,22,-0.02446994153694715,0.06965891648369635,-0.03157099975699018,-0.010833535208046642
conditional_signal,A,Aug 2007 quant quake,23,0.003239441266115195,0.02839918803529539,-0.007353626455280149,-0.0036871690726997435
conditional_signal,A,Sep-Oct 2008,44,-0.003697946183625067,0.053814865891855815,-0.019365620996648736,-0.009601201219752319
conditional_signal,A,Mar 2020,22,-0.02234142905914749,0.07269702529644839,-0.032793386276236625,-0.010840873724019299
common_lag,C,Aug 2007 quant quake,23,-0.002959166779095135,0.027315062353403714,-0.006443103371663983,-0.0032252861923827577
common_lag,C,Sep-Oct 2008,44,0.00022382378169738537,0.04825634890500692,-0.021314117687622258,-0.00891633162734388
common_lag,C,Mar 2020,22,0.032246609329897646,0.07410216505763927,-0.009613967387831046,-0.00687501720875456
common_lag,A,Aug 2007 quant quake,23,0.004474219361261023,0.028307199978176864,-0.004157963652697938,-0.002697556049761437
common_lag,A,Sep-Oct 2008,44,0.0014490466558076953,0.05883417156891681,-0.02518411390716868,-0.013658968699049211
common_lag,A,Mar 2020,22,0.039633380646453054,0.07640452757407065,-0.010605482718546555,-0.007469231790855283
reversal,C,Aug 2007 quant quake,23,-0.008771867487043616,0.11439175718624141,-0.03739826046210559,-0.014575142352761887
reversal,C,Sep-Oct 2008,44,-0.015005741131450478,0.08952693059456544,-0.02552725680511092,-0.00930274088483495
reversal,C,Mar 2020,22,-0.04682406180200149,0.16312746313391124,-0.07531968670435996,-0.021271292639210047
reversal,A,Aug 2007 quant quake,23,-0.007822037118720426,0.11529582141188532,-0.03432402965923753,-0.013544890160178324
reversal,A,Sep-Oct 2008,44,0.0422973205625512,0.10781896083786828,-0.017899102241361375,-0.009381571734915387
reversal,A,Mar 2020,22,-0.04402272504087734,0.16656485381189845,-0.0709730441927292,-0.01836345687807161
