book,convention,window,one_way_cost_bp,ann_mean_net,t_nw,breakeven_bp
conditional_signal,C,full 1996-2024,0.0,-0.0045954942758561716,-1.0767508551873803,-0.09118044198127322
conditional_signal,C,full 1996-2024,0.1,-0.009635494275856178,-2.2576519692755603,-0.09118044198127322
conditional_signal,C,full 1996-2024,0.5,-0.02979549427585617,-6.981256425628275,-0.09118044198127322
conditional_signal,C,full 1996-2024,1.0,-0.05499549427585618,-12.885761996069165,-0.09118044198127322
conditional_signal,C,full 1996-2024,2.58,-0.13462749427585616,-31.543999598662392,-0.09118044198127322
conditional_signal,C,full 1996-2024,5.0,-0.2565954942758562,-60.121806559596294,-0.09118044198127322
conditional_signal,C,1996-2006,0.0,-0.004392271975117157,-0.6506289036057411,-0.08714825347454673
conditional_signal,C,1996-2006,0.1,-0.009432271975117163,-1.3972060037374965,-0.08714825347454673
conditional_signal,C,1996-2006,0.5,-0.029592271975117157,-4.383514404264513,-0.08714825347454673
conditional_signal,C,1996-2006,1.0,-0.054792271975117164,-8.116399904923282,-0.08714825347454673
conditional_signal,C,1996-2006,2.58,-0.13442427197511714,-19.912318087004987,-0.08714825347454673
conditional_signal,C,1996-2006,5.0,-0.25639227197511716,-37.97948391019345,-0.08714825347454673
conditional_signal,C,2007-2024,0.0,-0.004711371362568946,-0.8589314470080308,-0.09347959052716164
conditional_signal,C,2007-2024,0.1,-0.009751371362568956,-1.7777752739484793,-0.09347959052716164
conditional_signal,C,2007-2024,0.5,-0.029911371362568946,-5.453150581710265,-0.09347959052716164
conditional_signal,C,2007-2024,1.0,-0.05511137136256895,-10.047369716412504,-0.09347959052716164
conditional_signal,C,2007-2024,2.58,-0.13474337136256892,-24.565102182071566,-0.09347959052716164
conditional_signal,C,2007-2024,5.0,-0.2567113713625689,-46.80112279403038,-0.09347959052716164
conditional_signal,A,full 1996-2024,0.0,-0.007008558172816522,-1.4790203890246394,-0.20733580637822566
conditional_signal,A,full 1996-2024,0.1,-0.01038885137698763,-2.192381856565222,-0.20733580637822566
conditional_signal,A,full 1996-2024,0.5,-0.023910024193672046,-5.04587689439485,-0.20733580637822566
conditional_signal,A,full 1996-2024,1.0,-0.04081149021452757,-8.612679613361978,-0.20733580637822566
conditional_signal,A,full 1996-2024,2.58,-0.094220122840431,-19.880094223315442,-0.20733580637822566
conditional_signal,A,full 1996-2024,5.0,-0.17602321838137175,-37.10988019071293,-0.20733580637822566
conditional_signal,A,1996-2006,0.0,-0.006376146842133106,-0.8649281188901621,-0.18795689554143527
conditional_signal,A,1996-2006,0.1,-0.00976849210500082,-1.3250963123733037,-0.18795689554143527
conditional_signal,A,1996-2006,0.5,-0.02333787315647169,-3.165695483382191,-0.18795689554143527
conditional_signal,A,1996-2006,1.0,-0.04029959947081027,-5.466162247757688,-0.18795689554143527
conditional_signal,A,1996-2006,2.58,-0.09389865462412023,-12.731467184505075,-0.18795689554143527
conditional_signal,A,1996-2006,5.0,-0.175993409985519,-23.83583372586116,-0.18795689554143527
conditional_signal,A,2007-2024,0.0,-0.007369158275941304,-1.2004042788961675,-0.2184476227032743
conditional_signal,A,2007-2024,0.1,-0.010742579412206592,-1.74994122574936,-0.2184476227032743
conditional_signal,A,2007-2024,0.5,-0.02423626395726774,-3.94817879984281,-0.2184476227032743
conditional_signal,A,2007-2024,1.0,-0.04110336963859417,-6.696043698980257,-0.2184476227032743
conditional_signal,A,2007-2024,2.58,-0.09440342359158574,-15.37736419052989,-0.2184476227032743
conditional_signal,A,2007-2024,5.0,-0.17604021508920564,-28.655421952147293,-0.2184476227032743
common_lag,C,full 1996-2024,0.0,0.008494664888908533,1.9036958659864065,0.1685449382719947
common_lag,C,full 1996-2024,0.1,0.0034546648889085246,0.7742072646056509,0.1685449382719947
common_lag,C,full 1996-2024,0.5,-0.016705335111091468,-3.7437471409173595,0.1685449382719947
common_lag,C,full 1996-2024,1.0,-0.04190533511109148,-9.391190147821126,0.1685449382719947
common_lag,C,full 1996-2024,2.58,-0.12153733511109147,-27.237110049637018,0.1685449382719947
common_lag,C,full 1996-2024,5.0,-0.24350533511109151,-54.57073420305127,0.1685449382719947
common_lag,C,1996-2006,0.0,0.011251284035295262,1.6205267491930033,0.2232397626050647
common_lag,C,1996-2006,0.1,0.00621128403529525,0.8946136187172762,0.2232397626050647
common_lag,C,1996-2006,0.5,-0.013948715964704738,-2.009038903185624,0.2232397626050647
common_lag,C,1996-2006,1.0,-0.03914871596470475,-5.638604555564249,0.2232397626050647
common_lag,C,1996-2006,2.58,-0.11878071596470471,-17.108032017080706,0.2232397626050647
common_lag,C,1996-2006,5.0,-0.24074871596470476,-34.67512977459325,0.2232397626050647
common_lag,C,2007-2024,0.0,0.006922844302790008,1.1978915299579616,0.13735802188075413
common_lag,C,2007-2024,0.1,0.0018828443027899995,0.3257971931613088,0.13735802188075413
common_lag,C,2007-2024,0.5,-0.01827715569720999,-3.1625801540252927,0.13735802188075413
common_lag,C,2007-2024,1.0,-0.043477155697209995,-7.523051838008548,0.13735802188075413
common_lag,C,2007-2024,2.58,-0.12310915569720995,-21.302142359395635,0.13735802188075413
common_lag,C,2007-2024,5.0,-0.24507715569721003,-42.40682530987458,0.13735802188075413
common_lag,A,full 1996-2024,0.0,0.011915553600886655,2.385244861197202,0.3652240433967462
common_lag,A,full 1996-2024,0.1,0.008653020967474378,1.7319866655007667,0.3652240433967462
common_lag,A,full 1996-2024,0.5,-0.00439710956617472,-0.8797602543669737,0.3652240433967462
common_lag,A,full 1996-2024,1.0,-0.020709772733236095,-4.141150022710462,0.3652240433967462
common_lag,A,full 1996-2024,2.58,-0.07225778834115004,-14.415897153668489,0.3652240433967462
common_lag,A,full 1996-2024,5.0,-0.1512110780697271,-30.02359127003828,0.3652240433967462
common_lag,A,1996-2006,0.0,0.019335820615516856,2.56922005893597,0.597114505382307
common_lag,A,1996-2006,0.1,0.01609761078453361,2.138522534499314,0.597114505382307
common_lag,A,1996-2006,0.5,0.0031447714606006242,0.41742804809513745,0.597114505382307
common_lag,A,1996-2006,1.0,-0.013046277694315607,-1.7298017617786283,0.597114505382307
common_lag,A,1996-2006,2.58,-0.06420999302385091,-8.479076137271285,0.597114505382307
common_lag,A,1996-2006,5.0,-0.14257467093364545,-18.681110373276322,0.597114505382307
common_lag,A,2007-2024,0.0,0.007684527177312748,1.171482597207012,0.23454168433755396
common_lag,A,2007-2024,0.1,0.004408125714171071,0.6719729339169681,0.23454168433755396
common_lag,A,2007-2024,0.5,-0.008697480138395625,-1.3255530587130173,0.23454168433755396
common_lag,A,2007-2024,1.0,-0.025079487454104005,-3.8210331165931786,0.23454168433755396
common_lag,A,2007-2024,2.58,-0.07684663057174247,-11.691390971402248,0.23454168433755396
common_lag,A,2007-2024,5.0,-0.156135545979771,-23.674768579110484,0.23454168433755396
leader_ret_lag,C,full 1996-2024,0.0,0.007935127059552237,1.7998575535019716,0.15744299721333796
leader_ret_lag,C,full 1996-2024,0.1,0.0028951270595522264,0.6566771101932517,0.15744299721333796
leader_ret_lag,C,full 1996-2024,0.5,-0.017264872940447765,-3.916044663041629,0.15744299721333796
leader_ret_lag,C,full 1996-2024,1.0,-0.04246487294044778,-9.631946879585234,0.15744299721333796
leader_ret_lag,C,full 1996-2024,2.58,-0.12209687294044773,-27.69419788386302,0.15744299721333796
leader_ret_lag,C,full 1996-2024,5.0,-0.2440648729404478,-55.359164611934055,0.15744299721333796
leader_ret_lag,C,1996-2006,0.0,0.0111629442164231,1.624719090223196,0.2214869884210932
leader_ret_lag,C,1996-2006,0.1,0.006122944216423088,0.8911685093040739,0.2214869884210932
leader_ret_lag,C,1996-2006,0.5,-0.014037055783576906,-2.0430338143724107,0.2214869884210932
leader_ret_lag,C,1996-2006,1.0,-0.03923705578357691,-5.710786718968019,0.2214869884210932
leader_ret_lag,C,1996-2006,2.58,-0.1188690557835769,-17.300885897490133,0.2214869884210932
leader_ret_lag,C,1996-2006,5.0,-0.2408370557835769,-35.052809955732876,0.2214869884210932
leader_ret_lag,C,2007-2024,0.0,0.006094629991958982,1.0679593983729159,0.1209251982531544
leader_ret_lag,C,2007-2024,0.1,0.001054629991958973,0.18480236096441166,0.1209251982531544
leader_ret_lag,C,2007-2024,0.5,-0.01910537000804102,-3.347825788669595,0.1209251982531544
leader_ret_lag,C,2007-2024,1.0,-0.04430537000804102,-7.763610975712107,0.1209251982531544
leader_ret_lag,C,2007-2024,2.58,-0.123937370008041,-21.717492166766434,0.1209251982531544
leader_ret_lag,C,2007-2024,5.0,-0.24590537000804105,-43.08989247205218,0.1209251982531544
leader_ret_lag,A,full 1996-2024,0.0,0.014944700252835142,3.0525629811864814,0.4388051063836217
leader_ret_lag,A,full 1996-2024,0.1,0.011538928525153863,2.3567471284014845,0.4388051063836217
leader_ret_lag,A,full 1996-2024,0.5,-0.0020841583855712503,-0.4255535449558404,0.4388051063836217
leader_ret_lag,A,full 1996-2024,1.0,-0.01911301702397764,-3.9011082810606332,0.4388051063836217
leader_ret_lag,A,full 1996-2024,2.58,-0.07292421032134183,-14.864120573229604,0.4388051063836217
leader_ret_lag,A,full 1996-2024,5.0,-0.15534388613122874,-31.582714018112135,0.4388051063836217
leader_ret_lag,A,1996-2006,0.0,0.020543573281057763,2.7306084033453955,0.6013610752956808
leader_ret_lag,A,1996-2006,0.1,0.017127393863233496,2.2764082031354853,0.6013610752956808
leader_ret_lag,A,1996-2006,0.5,0.003462676191936409,0.4601164638964298,0.6013610752956808
leader_ret_lag,A,1996-2006,1.0,-0.013618220897184934,-1.8089939836316002,0.6013610752956808
leader_ret_lag,A,1996-2006,2.58,-0.06759385569880841,-8.968262032454614,0.6013610752956808
leader_ret_lag,A,1996-2006,5.0,-0.15026539761015573,-19.890606518347106,0.6013610752956808
leader_ret_lag,A,2007-2024,0.0,0.011752230267868466,1.8430715500952188,0.3456703751364619
leader_ret_lag,A,2007-2024,0.1,0.008352392991321705,1.309784138526077,0.3456703751364619
leader_ret_lag,A,2007-2024,0.5,-0.00524695611486535,-0.8225450312411182,0.3456703751364619
leader_ret_lag,A,2007-2024,1.0,-0.02224614249759917,-3.4859961846519663,0.3456703751364619
leader_ret_lag,A,2007-2024,2.58,-0.07596357146703804,-11.886130132683768,0.3456703751364619
leader_ret_lag,A,2007-2024,5.0,-0.15823963355946968,-24.693107791940616,0.3456703751364619
shock_lag,C,full 1996-2024,0.0,0.007702471751319474,1.776528076685734,0.15282682046268797
shock_lag,C,full 1996-2024,0.1,0.002662471751319465,0.6140828518834104,0.15282682046268797
shock_lag,C,full 1996-2024,0.5,-0.01749752824868053,-4.035698047325877,0.15282682046268797
shock_lag,C,full 1996-2024,1.0,-0.04269752824868054,-9.847924171337489,0.15282682046268797
shock_lag,C,full 1996-2024,2.58,-0.1223295282486805,-28.21455872321418,0.15282682046268797
shock_lag,C,full 1996-2024,5.0,-0.2442975282486805,-56.34573316343037,0.15282682046268797
shock_lag,C,1996-2006,0.0,0.0076258940628721366,1.1205968555118027,0.15130742188238366
shock_lag,C,1996-2006,0.1,0.0025858940628721303,0.37998754397196227,0.15130742188238366
shock_lag,C,1996-2006,0.5,-0.01757410593712786,-2.5824497021873976,0.15130742188238366
shock_lag,C,1996-2006,1.0,-0.042774105937127875,-6.285496259886598,0.15130742188238366
shock_lag,C,1996-2006,2.58,-0.12240610593712788,-17.98712338221607,0.15130742188238366
shock_lag,C,1996-2006,5.0,-0.24437410593712794,-35.909868721480194,0.15130742188238366
shock_lag,C,2007-2024,0.0,0.007746136247844743,1.3847233832150005,0.15369317952072903
shock_lag,C,2007-2024,0.1,0.0027061362478447357,0.4837573237365826,0.15369317952072903
shock_lag,C,2007-2024,0.5,-0.017453863752155255,-3.1201069141770787,0.15369317952072903
shock_lag,C,2007-2024,1.0,-0.042653863752155255,-7.624937211569157,0.15369317952072903
shock_lag,C,2007-2024,2.58,-0.12228586375215524,-21.860200951328128,0.15369317952072903
shock_lag,C,2007-2024,5.0,-0.24425386375215524,-43.663579590705794,0.15369317952072903
shock_lag,A,full 1996-2024,0.0,0.013183918375020134,2.7413217677428383,0.3911322661598221
shock_lag,A,full 1996-2024,0.1,0.00981321247431262,2.040316762204173,0.3911322661598221
shock_lag,A,full 1996-2024,0.5,-0.003669611128517426,-0.7627565079325915,0.3911322661598221
shock_lag,A,full 1996-2024,1.0,-0.020523140632054987,-4.264321344248126,0.3911322661598221
shock_lag,A,full 1996-2024,2.58,-0.07378029386323368,-15.309999980610426,0.3911322661598221
shock_lag,A,full 1996-2024,5.0,-0.15535137666035548,-32.157393803447334,0.3911322661598221
shock_lag,A,1996-2006,0.0,0.013641111664670635,1.8367861775360546,0.4020376869556215
shock_lag,A,1996-2006,0.1,0.01024811839382426,1.3798205541315376,0.4020376869556215
shock_lag,A,1996-2006,0.5,-0.003323854689561217,-0.4473986280633435,0.4020376869556215
shock_lag,A,1996-2006,1.0,-0.02028882104379307,-2.7298715175750163,0.4020376869556215
shock_lag,A,1996-2006,2.58,-0.07389811472316572,-9.929292548048354,0.4020376869556215
shock_lag,A,1996-2006,5.0,-0.1560085518776479,-20.90755747862415,0.4020376869556215
shock_lag,A,2007-2024,0.0,0.012923227366815445,2.0668083700964344,0.384849205687153
shock_lag,A,2007-2024,0.1,0.009565229695041413,1.529663517131242,0.384849205687153
shock_lag,A,2007-2024,0.5,-0.003866760992054709,-0.6182001581207941,0.384849205687153
shock_lag,A,2007-2024,1.0,-0.02065674935092486,-3.3013132638476987,0.384849205687153
shock_lag,A,2007-2024,2.58,-0.07371311256495454,-11.765504729296781,0.384849205687153
shock_lag,A,2007-2024,5.0,-0.15497665622188608,-24.677014531646947,0.384849205687153
reversal,C,full 1996-2024,0.0,0.025161175470341187,3.7020408565279515,0.4992296720305791
reversal,C,full 1996-2024,0.1,0.02012117547034117,2.9604902108160918,0.4992296720305791
reversal,C,full 1996-2024,0.5,-3.882452965881871e-05,-0.005712372031339482,0.4992296720305791
reversal,C,full 1996-2024,1.0,-0.025238824529658824,-3.7134656005906317,0.4992296720305791
reversal,C,full 1996-2024,2.58,-0.10487082452965882,-15.429965802837991,0.4992296720305791
reversal,C,full 1996-2024,5.0,-0.2268388245296588,-33.375491429064965,0.4992296720305791
reversal,C,1996-2006,0.0,0.03014339281997877,2.461480455273031,0.5980831908725946
reversal,C,1996-2006,0.1,0.025103392819978757,2.0499189044991715,0.5980831908725946
reversal,C,1996-2006,0.5,0.004943392819978773,0.4036727014037346,0.5980831908725946
reversal,C,1996-2006,1.0,-0.020256607180021237,-1.6541350524655607,0.5980831908725946
reversal,C,1996-2006,2.58,-0.09988860718002125,-8.156807554692536,0.5980831908725946
reversal,C,1996-2006,5.0,-0.22185660718002126,-18.116597083419926,0.5980831908725946
reversal,C,2007-2024,0.0,0.022253232275541667,2.7658643736684425,0.4415323864194775
reversal,C,2007-2024,0.1,0.017213232275541668,2.1394404784480505,0.4415323864194775
reversal,C,2007-2024,0.5,-0.0029467677244583244,-0.36625510243351406,0.4415323864194775
reversal,C,2007-2024,1.0,-0.02814676772445833,-3.498374578535472,0.4415323864194775
reversal,C,2007-2024,2.58,-0.10777876772445832,-13.395872123017655,0.4415323864194775
reversal,C,2007-2024,5.0,-0.22974676772445832,-28.555330387351127,0.4415323864194775
reversal,A,full 1996-2024,0.0,0.10098860521955226,12.987774565488,2.954226981356027
reversal,A,full 1996-2024,0.1,0.09757016087330242,12.550990296522562,2.954226981356027
reversal,A,full 1996-2024,0.5,0.0838963834883031,10.801862353636352,2.954226981356027
reversal,A,full 1996-2024,1.0,0.0668041617570539,8.610967722440144,2.954226981356027
reversal,A,full 1996-2024,2.58,0.012792741086306503,1.6548937895456857,2.954226981356027
reversal,A,full 1996-2024,5.0,-0.0699336120929395,-9.096596057672285,2.954226981356027
reversal,A,1996-2006,0.0,0.18275868590930638,13.10966062955311,5.336464199254285
reversal,A,1996-2006,0.1,0.17933397098411594,12.866665333458954,5.336464199254285
reversal,A,1996-2006,0.5,0.16563511128335417,11.893671583799751,5.336464199254285
reversal,A,1996-2006,1.0,0.14851153665740188,10.675148360012038,5.336464199254285
reversal,A,1996-2006,2.58,0.09440104083939284,6.807906350502973,5.336464199254285
reversal,A,1996-2006,5.0,0.011522939649784035,0.8351817311748083,5.336464199254285
reversal,A,2007-2024,0.0,0.053262315298203494,6.058957389460893,1.5597562995840695
reversal,A,2007-2024,0.1,0.04984753086601966,5.6719751854874145,1.5597562995840695
reversal,A,2007-2024,0.5,0.03618839313728432,4.122030899662344,1.5597562995840695
reversal,A,2007-2024,1.0,0.019114470976365143,2.1800595120100486,1.5597562995840695
reversal,A,2007-2024,2.58,-0.034839123052139466,-3.989845820064554,1.5597562995840695
reversal,A,2007-2024,5.0,-0.11747690631098828,-13.538559392551,1.5597562995840695
