book,convention,window,status,n_days,ann_mean,t_nw
conditional_signal,C,full 1996-2024,pseudo-out-of-sample,7113,-0.0045954942758561716,-1.0767508551873803
conditional_signal,C,1996-2006,pseudo-out-of-sample,2583,-0.004392271975117157,-0.6506289036057411
conditional_signal,C,2007-2024,pseudo-out-of-sample,4530,-0.004711371362568946,-0.8589314470080308
conditional_signal,C,post-2010,pseudo-out-of-sample,3774,-0.007264065813755919,-1.3260296749783607
conditional_signal,C,last 18m,pseudo-out-of-sample,378,0.002692723158779848,0.16971396574376252
conditional_signal,C,last 12m,pseudo-out-of-sample,252,0.0051250010665413225,0.28519244819044914
conditional_signal,A,full 1996-2024,pseudo-out-of-sample,7113,-0.007008558172816522,-1.4790203890246394
conditional_signal,A,1996-2006,pseudo-out-of-sample,2583,-0.006376146842133106,-0.8649281188901621
conditional_signal,A,2007-2024,pseudo-out-of-sample,4530,-0.007369158275941304,-1.2004042788961675
conditional_signal,A,post-2010,pseudo-out-of-sample,3774,-0.007891211667803329,-1.2487088167756348
conditional_signal,A,last 18m,pseudo-out-of-sample,378,-0.00499148291768668,-0.25824731063666667
conditional_signal,A,last 12m,pseudo-out-of-sample,252,-0.008879538589252861,-0.38996877707500155
conditional_signal,A_mid,full 1996-2024,pseudo-out-of-sample,7113,-0.00781916105981013,-1.6531244188692247
conditional_signal,A_mid,1996-2006,pseudo-out-of-sample,2583,-0.008239507006641663,-1.130292844959636
conditional_signal,A_mid,2007-2024,pseudo-out-of-sample,4530,-0.00757948035767639,-1.2316063556910282
conditional_signal,A_mid,post-2010,pseudo-out-of-sample,3774,-0.008212697358408964,-1.2940833760783115
conditional_signal,A_mid,last 18m,pseudo-out-of-sample,378,-0.004434027385809527,-0.23035022533820057
conditional_signal,A_mid,last 12m,pseudo-out-of-sample,252,-0.00847865770780981,-0.37582350127065367
conditional_signal,overnight,full 1996-2024,pseudo-out-of-sample,7113,-0.002639713857844066,-1.2908686081035716
conditional_signal,overnight,1996-2006,pseudo-out-of-sample,2583,-0.0029200127750490757,-0.8992240061010233
conditional_signal,overnight,2007-2024,pseudo-out-of-sample,4530,-0.0024798877865106154,-0.945291745197549
conditional_signal,overnight,post-2010,pseudo-out-of-sample,3774,-0.0005469155310861869,-0.19474598137975516
conditional_signal,overnight,last 18m,pseudo-out-of-sample,378,-0.007353232854944228,-0.6711329331012819
conditional_signal,overnight,last 12m,pseudo-out-of-sample,252,-0.013493025368283694,-0.9341292926655059
common_lag,C,full 1996-2024,pseudo-out-of-sample,7113,0.008494664888908533,1.9036958659864065
common_lag,C,1996-2006,pseudo-out-of-sample,2583,0.011251284035295262,1.6205267491930033
common_lag,C,2007-2024,pseudo-out-of-sample,4530,0.006922844302790008,1.1978915299579616
common_lag,C,post-2010,pseudo-out-of-sample,3774,0.009552211889887413,1.6174415722729005
common_lag,C,last 18m,pseudo-out-of-sample,378,-0.022174161539069426,-1.2970376107171946
common_lag,C,last 12m,pseudo-out-of-sample,252,-0.013227450151270512,-0.6284008797682846
common_lag,A,full 1996-2024,pseudo-out-of-sample,7113,0.011915553600886655,2.385244861197202
common_lag,A,1996-2006,pseudo-out-of-sample,2583,0.019335820615516856,2.56922005893597
common_lag,A,2007-2024,pseudo-out-of-sample,4530,0.007684527177312748,1.171482597207012
common_lag,A,post-2010,pseudo-out-of-sample,3774,0.010098779905777188,1.4955849528064342
common_lag,A,last 18m,pseudo-out-of-sample,378,-0.030079246698630817,-1.5401070380970707
common_lag,A,last 12m,pseudo-out-of-sample,252,-0.029399920686716898,-1.2612807179168328
common_lag,overnight,full 1996-2024,pseudo-out-of-sample,7113,0.0035122520408553386,1.6527309332001063
common_lag,overnight,1996-2006,pseudo-out-of-sample,2583,0.007765529397229237,2.268414950210186
common_lag,overnight,2007-2024,pseudo-out-of-sample,4530,0.0010870389257308835,0.4022597729542481
common_lag,overnight,post-2010,pseudo-out-of-sample,3774,0.0008501061218040557,0.2880902286533005
common_lag,overnight,last 18m,pseudo-out-of-sample,378,-0.007979380620107336,-0.8227138357566592
common_lag,overnight,last 12m,pseudo-out-of-sample,252,-0.01609887043097972,-1.306756120184221
leader_ret_lag,C,full 1996-2024,pseudo-out-of-sample,7113,0.007935127059552237,1.7998575535019716
leader_ret_lag,C,1996-2006,pseudo-out-of-sample,2583,0.0111629442164231,1.624719090223196
leader_ret_lag,C,2007-2024,pseudo-out-of-sample,4530,0.006094629991958982,1.0679593983729159
leader_ret_lag,C,post-2010,pseudo-out-of-sample,3774,0.00864043006966549,1.4556973679232221
leader_ret_lag,C,last 18m,pseudo-out-of-sample,378,-0.017654302119266115,-1.1644216198317205
leader_ret_lag,C,last 12m,pseudo-out-of-sample,252,-0.015097457943829641,-0.8486587963856701
leader_ret_lag,A,full 1996-2024,pseudo-out-of-sample,7113,0.014944700252835142,3.0525629811864814
leader_ret_lag,A,1996-2006,pseudo-out-of-sample,2583,0.020543573281057763,2.7306084033453955
leader_ret_lag,A,2007-2024,pseudo-out-of-sample,4530,0.011752230267868466,1.8430715500952188
leader_ret_lag,A,post-2010,pseudo-out-of-sample,3774,0.012340385526930809,1.8063814725981082
leader_ret_lag,A,last 18m,pseudo-out-of-sample,378,-0.012269991925564381,-0.7155036715206217
leader_ret_lag,A,last 12m,pseudo-out-of-sample,252,-0.010081823735529708,-0.5079047149533412
leader_ret_lag,overnight,full 1996-2024,pseudo-out-of-sample,7113,0.0075152591616205406,3.688875075431209
leader_ret_lag,overnight,1996-2006,pseudo-out-of-sample,2583,0.01042636784485453,3.3618197141078645
leader_ret_lag,overnight,2007-2024,pseudo-out-of-sample,4530,0.005855348846213609,2.198215412537542
leader_ret_lag,overnight,post-2010,pseudo-out-of-sample,3774,0.003897119301579919,1.3703269733241064
leader_ret_lag,overnight,last 18m,pseudo-out-of-sample,378,0.005574246381309451,0.6061779275988864
leader_ret_lag,overnight,last 12m,pseudo-out-of-sample,252,0.005527949786447872,0.47150253504419576
shock_lag,C,full 1996-2024,pseudo-out-of-sample,7113,0.007702471751319474,1.776528076685734
shock_lag,C,1996-2006,pseudo-out-of-sample,2583,0.0076258940628721366,1.1205968555118027
shock_lag,C,2007-2024,pseudo-out-of-sample,4530,0.007746136247844743,1.3847233832150005
shock_lag,C,post-2010,pseudo-out-of-sample,3774,0.009926925414946764,1.7587411774046136
shock_lag,C,last 18m,pseudo-out-of-sample,378,-0.010227384598738992,-0.7033117479666205
shock_lag,C,last 12m,pseudo-out-of-sample,252,-0.011286531261195259,-0.6686482293607721
shock_lag,A,full 1996-2024,pseudo-out-of-sample,7113,0.013183918375020134,2.7413217677428383
shock_lag,A,1996-2006,pseudo-out-of-sample,2583,0.013641111664670635,1.8367861775360546
shock_lag,A,2007-2024,pseudo-out-of-sample,4530,0.012923227366815445,2.0668083700964344
shock_lag,A,post-2010,pseudo-out-of-sample,3774,0.013402759866735597,2.0446891464376185
shock_lag,A,last 18m,pseudo-out-of-sample,378,-0.0023395318653836625,-0.1347750529909412
shock_lag,A,last 12m,pseudo-out-of-sample,252,0.002113822418289958,0.10233741642406687
shock_lag,overnight,full 1996-2024,pseudo-out-of-sample,7113,0.005908045552399295,2.8661995015461015
shock_lag,overnight,1996-2006,pseudo-out-of-sample,2583,0.00709233630388114,2.2554290377824926
shock_lag,overnight,2007-2024,pseudo-out-of-sample,4530,0.0052327645345013685,1.9421482490962918
shock_lag,overnight,post-2010,pseudo-out-of-sample,3774,0.003605759205754718,1.2698257351983975
shock_lag,overnight,last 18m,pseudo-out-of-sample,378,0.007568309999746385,0.7468318038413179
shock_lag,overnight,last 12m,pseudo-out-of-sample,252,0.013080940823967551,0.9662275541596136
reversal,C,full 1996-2024,pseudo-out-of-sample,7174,0.025161175470341187,3.7020408565279483
reversal,C,1996-2006,pseudo-out-of-sample,2644,0.03014339281997877,2.461480455273031
reversal,C,2007-2024,pseudo-out-of-sample,4530,0.022253232275541667,2.7658643736684425
reversal,C,post-2010,pseudo-out-of-sample,3774,0.01941156868166439,2.3065281989129245
reversal,C,last 18m,pseudo-out-of-sample,378,-0.0018439615478222787,-0.1006013014382042
reversal,C,last 12m,pseudo-out-of-sample,252,-0.020914516920353964,-0.9018785849450272
reversal,A,full 1996-2024,pseudo-out-of-sample,7174,0.10098860521955226,12.987774565488003
reversal,A,1996-2006,pseudo-out-of-sample,2644,0.18275868590930638,13.10966062955311
reversal,A,2007-2024,pseudo-out-of-sample,4530,0.053262315298203494,6.058957389460893
reversal,A,post-2010,pseudo-out-of-sample,3774,0.03891183592447701,4.345355238384173
reversal,A,last 18m,pseudo-out-of-sample,378,0.0323732136141297,1.4607181351580008
reversal,A,last 12m,pseudo-out-of-sample,252,0.009058111410339558,0.3253794958459223
reversal,A_mid,full 1996-2024,pseudo-out-of-sample,7174,0.018875232782962194,2.390828822673043
reversal,A_mid,1996-2006,pseudo-out-of-sample,2644,-0.009749837631095357,-0.6279478287900254
reversal,A_mid,2007-2024,pseudo-out-of-sample,4530,0.03558266902463288,4.159374820248957
reversal,A_mid,post-2010,pseudo-out-of-sample,3774,0.027906743286391963,3.1299986462892537
reversal,A_mid,last 18m,pseudo-out-of-sample,378,0.022268081831056583,1.013737963709961
reversal,A_mid,last 12m,pseudo-out-of-sample,252,-0.000707304691847507,-0.02574422932019016
reversal,overnight,full 1996-2024,pseudo-out-of-sample,7174,0.07492935079639244,18.02968043483659
reversal,overnight,1996-2006,pseudo-out-of-sample,2644,0.15054521279438857,17.886141406923986
reversal,overnight,2007-2024,pseudo-out-of-sample,4530,0.03079505959932803,8.816075777039623
reversal,overnight,post-2010,pseudo-out-of-sample,3774,0.019272711804147465,5.744773205482226
reversal,overnight,last 18m,pseudo-out-of-sample,378,0.03487097088623589,3.123511498839547
reversal,overnight,last 12m,pseudo-out-of-sample,252,0.03039423187679362,2.1732636452107092
