year,conditional_signal,common_lag,leader_ret_lag,shock_lag,reversal
1996,-0.00877608104715552,0.00620710700935794,0.015060112801949757,0.012022927298420978,-0.10728240253131743
1997,-0.03427126947019837,-0.0014558064831033184,0.03961853576655773,0.03511058155247639,-0.0863394948703708
1998,-0.030314620625012046,0.02911474586205698,0.03637261326666726,0.026255473024875152,-0.15265796319281286
1999,0.023100744247440116,0.04386511249805616,-0.0004467002978347011,-0.010205111579656093,-0.182322868966984
2000,0.0051193921469412425,-0.006670463267408729,-0.012510318739661958,-0.005168514715693756,-0.032469966858229844
2001,-0.009602053926555415,0.02345856929553617,0.04073926115816191,0.023922724413122584,-0.010149024308383629
2002,0.013678667236730432,-0.028432100172578596,-0.04110622426987993,-0.02854912330105675,0.2597526129010459
2003,-0.014354579807836523,0.009436235897894949,0.019796797092520236,0.017571923199970505,0.18712689572619334
2004,-0.007012036162238805,0.014770188587746758,0.0074265157268086565,0.010414802406999673,0.195599304982092
2005,0.009000686651512392,0.020286448427893376,0.0057484738343283,-0.00015194691647796418,0.12410222399257073
2006,0.008410363011421661,0.004745623706324744,0.0037211118787194887,-0.0030583212385413097,0.12090707445962469
2007,0.03323616228766923,-0.01004557741254562,-0.03994800662188536,-0.027072637935922152,0.03787436474997497
2008,-0.04405442814355676,-0.009154417013374175,0.0334335466684734,0.035578563445559826,0.11857428793910053
2009,0.03491379009667129,0.0005906175179977577,-0.013328036948744302,-0.01792743072103604,-0.04713166061128825
2010,-0.023104852855479897,0.023949399212995978,0.0403327685097956,0.026944765773898424,0.02299755419560435
2011,0.007408061211531606,0.046330022170156415,-0.005455424830510759,-0.0008747333499748771,0.025149303718766596
2012,-0.045114591265222395,-0.004001519117693304,0.021556610038935414,0.03672967738578299,-0.028537483176930296
2013,-0.001249057998607546,0.011765398364997744,0.01312893920784635,0.004887486108132733,0.003478905771136951
2014,-0.012083362770224303,0.00664304934846644,0.02178410963194027,0.02170177860979522,0.011225636500621184
2015,-0.012669248419254537,0.025728417366108224,0.024793154061603147,0.015237672900716419,0.0347156532335962
2016,-0.011668586321729197,0.004980708816487462,0.02044174682989514,0.01844842773086186,0.07011642038851452
2017,-0.022535723851550175,0.009017568284406812,0.023924638851056546,0.02118697992840034,0.03281126164376531
2018,-0.011647987790008531,-0.01708878947889761,-0.01195302722878574,-0.002331472604675519,0.034235429929883036
2019,0.02120000179427195,0.022876253787684018,-0.015847883498503364,-0.013526689976658368,0.0011745900844099871
2020,0.006779202681006574,0.01955082455141941,-0.0026858460039282423,0.0031182930282466284,0.06983273589963818
2021,-0.008389945465843695,-0.003947255230064759,-0.011888076505402958,0.005272683148401758,0.053359097712178505
2022,0.021385538684390148,0.038095304431710615,0.015389823508172647,-0.00255996375311075,-0.051235403793525876
2023,-0.022222481958213504,-0.027616187624621643,0.010976651891229719,0.025719152188557293,0.03230216483095484
2024,0.005125001066541316,-0.013227450151270515,-0.01509745794382964,-0.011286531261195257,-0.020914516920353964
